:020000040800F2
:10000000880D0020ED010008C9430008C93E000822
:10001000C14300083D0E0008195000080000000010
:10002000000000000000000000000000D3430008B2
:10003000FF0E000800000000D1430008D54300086F
:10004000070200080702000807020008070200086C
:10005000070200080702000807020008070200085C
:10006000070200080702000807020008450E000802
:10007000510E0008070200080702000807020008E6
:100080000702000800000000790D000807020008C0
:10009000070200080702000807020008090F00080D
:1000A000070200084D440008070200080702000884
:1000B00007020008070200080702000807020008FC
:1000C00007020008070200080702000807020008EC
:1000D00007020008070200080D5000080702000888
:1000E000010F0008070200080702000807020008C5
:1000F00007020008070200080702000800000000CD
:1001000000000000070200080000000007020008CD
:1001100007020008000000000702000807020008AC
:10012000070200080702000807020008070200088B
:10013000070200080000000000000000070200089D
:10014000070200080702000800000000000000008D
:10015000000000000000000000000000000000009F
:10016000000000000000000000000000070200087E
:10017000070200080000000000000000000000006E
:10018000000000000702000800000000000000005E
:10019000000000000000000000000000000000005F
:1001A000000000000000000007020008070200082D
:1001B000070200080702000807020008000000000C
:1001C000000000000702000800000000000000001E
:1001D0000702000807020008DFF80CD000F0D8FB87
:1001E00000480047A1820008880D0020064880478B
:1001F00006480047FEE7FEE7FEE7FEE7FEE7FEE70C
:10020000FEE7FEE7FEE7FEE73D440008D9010008EF
:100210002DE9F05F0546002092469B46884606463B
:10022000814640241BE0284641464746224600F0CE
:100230007BFA53465A46C01A914110D311461846CC
:10024000224600F016F82D1A67EB01084F462246A9
:100250000120002100F00DF817EB00094E41201E8F
:10026000A4F10104DFDC484631462A464346BDE896
:10027000F09F202A04DB203A00FA02F100207047A8
:100280009140C2F1200320FA03F3194390407047D4
:10029000202A06DBCB17203A41FA02F043EAE0734A
:1002A00006E041FA02F3D040C2F120029140084337
:1002B0001946704740EA01039B0703D009E008C9CB
:1002C000121F08C0042AFAD203E011F8013B00F81B
:1002D000013B521EF9D27047D2B201E000F8012B67
:1002E000491EFBD270470022F6E710B513460A46B6
:1002F00004461946FFF7F0FF204610BD10B5002256
:1003000000E0521C835C8C5CA34201D1002BF8D12D
:10031000D8B2E1B2401A10BD70B50F4D00B92868CF
:10032000002412E00A4602E09E4203D0521C1378D9
:10033000002BF9D1DAB2224305D02BB124B1002130
:1003400000F8011B04E00446401C0678002EE9D1A9
:100350002860204670BD0000B00000202DE9FE4F4F
:10036000804681EA0300C00F0C46009021F0004156
:1003700023F00045B8EB0200A94105D240462146D2
:1003800090461C460B46024623F00040104347D0DF
:10039000270DC7F30A00C3F30A510290401A0190D7
:1003A00040286BDAC3F3130040F4801B0098924698
:1003B00020B10023D2EB030A63EB0B0B01985946E3
:1003C000C0F140025046FFF754FF06460D46504626
:1003D0005946019AFFF75CFF10EB080061410024C9
:1003E00087EA115284EAE7731A4340D0009A62B355
:1003F000019A012A4FEA075215DC001B61EB02014A
:100400004FF0004202EA0752CDE90042001C41F5DC
:10041000801132462B4600F054FA03B0BDE8F08F4D
:1004200040462146F9E7001B61EB0201001C41F543
:10043000801300185B412018A2F5001747EB030159
:1004400040EAD570B6196D4111E06D084FEA3606E5
:1004500045EAC0754FEA0752001B61EB0201001C20
:1004600041F5801149084FEA3000001951413246E8
:100470002B4603B0BDE8F04F00F014BA00980122FB
:1004800040000023D0EB020263EBE07300982146AA
:100490004FEAE074B8EB000061EB0401E9E783F098
:1004A00000435BE781F0004158E72DE9FE4F81EA08
:1004B000030404F0004421F0004100944FF0000BCD
:1004C00023F0004350EA01045ED052EA03045BD0FB
:1004D000C3F30A54C1F30A552C44A4F2F334019433
:1004E000A0FB0254C1F3130141F48011C3F31303C1
:1004F00043F4801301FB024400FB034E840A970A75
:1005000044EA815447EA8357A4FB076802958D0AA1
:1005100005FB07854FEA932C04FB0C542705029D2D
:100520004FEA065847EA1637B5EB08056EEB070C9D
:10053000870E920E47EA811742EA8312A7FB020157
:10054000B6EB0B0164EB00042B0D43EA0C335E1891
:1005500044EB1C50DA465146E7FB0201C5F3130495
:100560004FEA0B3343EA14534FEA0432019C43EA47
:100570000603A4F10C040294009CCDE900B400F041
:10058000A0F903B0BDE8F08F00200146F9E72DE99E
:10059000F04D81EA030404F0004B21F000451446BD
:1005A0004FF0000A23F0004150EA050220D054EA3F
:1005B00001021DD0C5F30A570246C5F31303C1F368
:1005C0001300C1F30A5640F4801543F48013A7EBDF
:1005D0000608101BD64608F2FD3873EB050002D35F
:1005E00008F1010801E092185B41B8F1000F03DA4D
:1005F00000200146BDE8F08D00204FF48011064632
:1006000084460EE0171B73EB050705D3121B63EB43
:10061000050306434CEA010C49084FEA30009218E2
:100620005B4150EA0107EDD152EA030012D082EAA1
:10063000040083EA0501084305D0101BAB4106D234
:100640000122002306E000224FF0004302E06FF099
:10065000010253101AEB06004CEB085110EB0A0094
:1006600041EB0B01BDE8F04D00F01CB900F0004279
:1006700030F000400AD0C10D01F56071C0F31600E2
:1006800042EA0151C2084007114370470020014669
:100690007047000030B5041E71F1000404DB4FF018
:1006A0000044404264EB0101141E73F1000405DBB9
:1006B0001C464FF00043524263EB0403994208BFCB
:1006C000904230BD01F0004330B421F0004150EAC7
:1006D000010206D00A0DA2F56072C1F31301002ACF
:1006E00002DC30BC00207047440F44EAC104C10062
:1006F000E01830BC00EBC25000F074B830B50B46C7
:10070000014600202022012409E021FA02F59D4241
:1007100005D303FA02F5491B04FA02F52844151E15
:10072000A2F10102F1DC30BD202A04DB203A21FADB
:1007300002F00021704721FA02F3D040C2F12002FA
:1007400091400843194670470FB4002300B589B0A3
:100750000CA900910B996FF00042CB601E4B0693E1
:100760001E4B07930423CDE901321D4A089202462D
:100770006B46002000F0A4F909B05DF814FB70B5D9
:1007800086B006464FF0FF300091CDE90101002010
:1007900015460C4604903246694604A8FFF7D4FF7C
:1007A00003460498211825B108B10A4600E0224604
:1007B0002A6000280DD0002B02DD0098884208D066
:1007C000081B0094CDE901043246694604A8FFF7EE
:1007D000BBFF06B070BD0000F90C0008170D000843
:1007E000B50900080029A8BF7047401C490008BF90
:1007F00020F00100704710B4B0FA80FC00FA0CF051
:1008000050EA010404BF10BC704749B1CCF1200488
:1008100021FA04F411FA0CF118BF01212143084315
:10082000A3EB0C01CB1D4FEA00614FEA102042BF41
:10083000002010BC704700EBC35010440029A4BF37
:1008400010BC7047401C490008BF20F0010010BCDC
:100850007047F0B400F0004221F0004120F0004069
:10086000CE0DC30DC1F3160141F40001C0F3160013
:100870004C42154640F40000761E09E010EB44009F
:1008800002D582F0004240428842F7D840005B1E09
:10089000B342F9DA18B1F0BC0021FFF7ACBF28462B
:1008A000F0BC704710B5141E73F1000408DA401C48
:1008B00041F1000192185B411A4301D120F001007F
:1008C00010BD2DE9F04D92469B4611B1B1FA81F26F
:1008D00002E0B0FA80F220329046FFF7CAFC0446EC
:1008E0000F4640EA0A0041EA0B0153465A460843C4
:1008F00013D0114653EA010019D0C8F14002504606
:10090000FFF712FF05460E46504659464246FFF78E
:10091000B0FC084305D0012004E020463946BDE87C
:10092000F08D0020054346EAE0762C4337430A98D1
:100930006305E40AA0EB08000022FD0A44EA4754DC
:100940000A3002D500200146E9E701051019694186
:10095000DDE9084500196941BDE8F04DA2E7C1F3A2
:100960000A52C1F3130140F2FF3341F480119A425D
:1009700002DA00200146704740F233439A42A2F265
:10098000334202DC5242FFF7CFBEFFF772BC0000D9
:10099000064C074D06E0E06840F0010394E80700CC
:1009A00098471034AC42F6D3FFF71AFC289300089E
:1009B00048930008C0B24FF4F05100F0BDB90000F8
:1009C0002DE9FF4F087881B09946FF2805D0491CD2
:1009D0002D2804D00024002308E000230BE001248C
:1009E000F9E703EB830300EB4303491C0878FF2876
:1009F000F7D104B15B4200200090147801462D2C01
:100A000001D02B2C04D1521C2D2C12D00024009488
:100A100000251678FF2E0ED00A24A0FB04C801FB87
:100A20000481002700FB0711521C16EB0C006941E2
:100A3000EFE70124EBE7994450EA01020ED00024CD
:100A4000AA4D2646DFF8A88200F08AF982468B4636
:100A5000B9F1000009DAC9F100071BE00198002193
:100A6000C0E9001105B0BDE8F08F074612E0F807B5
:100A700007D022462B4630464146FFF716FD064674
:100A8000884622462B4610461946FFF70EFD0446BF
:100A90000D467F10002FEAD1B9F1000F32464346D0
:100AA0005046594602DAFFF772FD01E0FFF7FDFC00
:100AB000009A0AB181F00041019AC2E90001D1E730
:100AC0002DE9FF4F1F468DB0D7E901464FF0FF38A3
:100AD0002E2045464FF000090B90B9696D1C0E9809
:100AE0008847396A824688470028F6D1BAF1FF3F25
:100AF0000AD024F4D064002E11DDBAF12B0F08D0F7
:100B0000BAF12D0F0BD102E0404611B0ABE744F42F
:100B10008064B9696D1C0E9888478246761E6946C6
:100B2000600501D52D2000E02B208DF8000001F19B
:100B3000010B0DF1200809E0B9696D1C0E9888477A
:100B400082460F9844F40074761E0560002E02DD84
:100B5000BAF1300FF0D00B998A453ED144F08004B1
:100B600006E00F99681CA9F1010944F400740860BB
:100B7000B9696D1C761E0E98884782463028F0D0E1
:100B80002BE00B998A4505D1200603D444F080045C
:100B9000761E18E0504604F0D7FB08B30DF11301A0
:100BA000761E44F400748B4508D2AAF130000BF88D
:100BB000010B200607D5A9F1010003E0200602D4AD
:100BC00009F101008146A00502D50F99681C086053
:100BD000B9696D1C0E9888478246002ED1DC53E01F
:100BE000002E51DDBAF1650F02D0BAF1450F4BD19D
:100BF000A00549D5B9696D1C24F44074761E0E9881
:100C000088478246002E0CDD2B2804D0BAF12D0F28
:100C100007D144F48074B9696D1C0E9888478246E8
:100C2000761EE00501D52D2100E02B2108F8011BDF
:100C3000CDF82C8021E00DF12901761E44F40074DA
:100C400088450CD2AAF1300010F0FF0088F80000AF
:100C500002D10B99884509D908F1010806E0E005A1
:100C600001D5244801E042F20F708146B9696D1C3C
:100C70000E98884782460F980560002E04DD504686
:100C800004F062FB0028D6D1F9690E988847FF204E
:100C90008BF8000088F800000020069007904B4673
:100CA0006A4608A906A8FFF78BFEA00502D46FF0DC
:100CB00001002AE714F0240F0AD0E00714D1DDE97F
:100CC00006123868031D3B600068C0E900120BE0A3
:100CD000DDE90601FFF7F6FC0146E00704D13868BC
:100CE000021D3A600068016028460EE700002440BB
:100CF0000000F03FF1D8FFFF426842B1016811F8EF
:100D0000013B23B1521EC0E9001218467047012171
:100D1000C160881E704742685AB1C368016843B910
:100D200083688B4205D0491E521CC0E90012002086
:100D300070474FF0FF3070477F2801D9002208E04C
:100D4000064A02EB5002C007127800D1120902F0E5
:100D50000F0201209040084070470000C490000836
:100D60000EB540F2334202920022CDE90022134632
:100D7000FFF7A7FD03B000BD10B5114C2068C0F30C
:100D8000801030B14020206005F078FC08B106F0FA
:100D900089F84FF0A0410868C0F380224FF48060CA
:100DA00002B108602168C1F3802101B120600548CB
:100DB00000F0FCFBBDE81040034800F0F7BB00006A
:100DC0000001005054010020C001002070B504460D
:100DD000006881688268C1F3400112F0010F28D0D9
:100DE00039BB816801F00D01012914D18168124AD3
:100DF0001140891C816021680320086001F068F9B6
:100E0000054612E001F064F9401B02280DD9206864
:100E10008068C00709D0E06D40F01000E065206EEA
:100E200040F001002066012070BD20688068C00786
:100E3000E8D1002070BD0000C0FFFF7F042007F054
:100E40001BFBFEE7014800F0E0BE00000C040020A0
:100E5000014800F0DABE00006C0400200D49026871
:100E60008A4201D20C4901E00B492031D2B214234D
:100E7000083AB2FBF3F2436C02F01F0223F00303C3
:100E80001944816404498031C164012191400165A4
:100E90007047000008040240000802400179074A38
:100EA00002EB81024265054A4432491E826501F027
:100EB0001F0201219140C16570470000FC080240FB
:100EC00030B5D0E913456560446D14B1D0E91645DD
:100ED000656090F8444004F01F050124AC40056CA7
:100EE0006C60046863608368102B036803D09960AA
:100EF0000068C26030BD9A600068C16030BD704754
:100F00004FF4806000F0B4BF4FF4807000F0B0BFC9
:100F1000062007F0B1FA72B6FEE70000F8B5002629
:100F20000446009690F858000D4601280BD0012089
:100F300084F858002046FFF749FF0100E06D04D017
:100F400040F010002AE00220F8BD20F4885040F064
:100F50000200E06520688268134B1A4005F0804368
:100F60001A4342F000428260104A20680EE0009B63
:100F70005B1C0093934209D3E06D20F0020040F027
:100F80001000E06584F858600120F8BD8368DB0F2D
:100F9000EDD1E06D20F0020040F00100E06584F842
:100FA00058600846F8BD0000C0FFFF3F02DE0400A5
:100FB000704700002DE9F84F4FF000080446CDF8C7
:100FC00000800D4694F85820DFF8EC93616947469D
:100FD0004046012A0AD00126F84A84F8586041B1F7
:100FE000296A012905D0A36EEBB129E00220BDE8F2
:100FF000F88F6868092838D1A96A4FF4785041B150
:101000002B6801F07C0100EA53400843E96A084379
:1010100002E0296800EA51402168CB6C1340034389
:10102000CB64606621E0C4E91971A96A286A31B10C
:1010300001F07C01401E0843E96A084300E0401EBD
:1010400029682B79C1F3846103F01F0399400143A0
:10105000A06E401EA066636E43EA0103636604D17E
:101060002068C16C11401943C164206802F03AFF46
:1010700058B995F8250098B12068C16895F82620E0
:1010800021F4401141EA4251C160206802F032FF70
:101090008246206802F026FF5AEA00000DD0FBE0ED
:1010A00095F8260095F82410400540EA0151206883
:1010B000C26822F440121143E6E7A86A30B1E86A38
:1010C00020B195F8250001285ED003E095F82500B1
:1010D000012804D02068C16821F0007103E0206875
:1010E000C16841F00071C16095F83000012852D00C
:1010F0002068016921F002010161AA68296820685D
:10110000B2F1004F38D002F001FF2068416921F0B0
:101110000041416120686969C268C2F3C10252009E
:1011200091402A69042A44D000EB82002B68026EA9
:10113000DFF88CC203F0F84302EA0C020B431A43B7
:1011400042F00041016620682A69A96900EB82002B
:10115000026E22F080720A430266297F22682869A3
:10116000012923D05FF0000102EB8000026E22F023
:1011700000720A4302668FE0002202F0C7FE206878
:10118000416941F00041C4E7E06D40F02000E065B6
:101190004FF00108A8E7D5E90D1001432068026966
:1011A00022F4FF7242F002021143A5E74FF00071F2
:1011B000DAE7002102F08CFE400320684FF00001C6
:1011C00072D002F085FE90FAA0F0B0FA80F12868A3
:1011D00042036ED090FAA0F0B0FA80F0814204D1C0
:1011E00000221146206802F0A0FE0121206802F0D2
:1011F0006FFE400320684FF001015DD002F068FEF1
:1012000090FAA0F0B0FA80F12868420359D090FA21
:10121000A0F0B0FA80F0814204D1002201212068C0
:1012200002F083FE0221206802F052FE4003206893
:101230004FF0020148D002F04BFE90FAA0F0B0FA55
:1012400080F12868420344D090FAA0F0B0FA80F010
:10125000814204D100220221206802F066FE0321AF
:10126000206802F035FE400320684FF0030133D0C0
:1012700002F02EFE90FAA0F0B0FA80F12868420346
:101280002FD090FAA0F0B0FA80F0814204D1002271
:101290000321206802F049FE2068816811F0010FE7
:1012A00022D0B6E000E004E002F012FEC0F3846158
:1012B0008DE7C0F3846091E702F00AFEC0F3846119
:1012C000A2E7C0F38460A6E702F002FEC0F38461E7
:1012D000B7E7C0F38460BBE702F0FAFDC0F38461B6
:1012E000CCE7C0F38460D0E72A7B296850F8B03F90
:1012F000C1F3120C23EA0C0302F0180C314A22FA53
:101300000CF20A4013430360E96849457ED128681E
:1013100041031BD090FAA0F1B1FA81F1491C01F010
:101320001F0109294FEA403131D8002911D090FA24
:10133000A0F1B1FA81F100BF01F1010101F01F013B
:1013400006FA01F608D1C0F3846109E0C0F38461B4
:10135000E4E7C0F38461EFE790FAA0F1B1FA81F11C
:1013600001F1010101F01F0146EA816102D1C0F3E0
:10137000846003E090FAA0F0B0FA80F000F1010080
:1013800000F01F0000EB400041EA00513BE0002963
:101390000ED090FAA0F1B1FA81F100BF01F1010184
:1013A00001F01F0106FA01F60ED1C0F384610FE0CF
:1013B000C0F38461F2E7000000007F4000401004A9
:1013C00000F0FF03FFFF070090FAA0F1B1FA81F1EE
:1013D00001F1010101F01F0146EA816102D1C0F370
:1013E000846003E090FAA0F0B0FA80F000F1010010
:1013F00000F01F002B4A00EB400002EB005041EAD6
:10140000000141F00071AA68206800E001E002F0EC
:101410007DFD25482A68024240D024488168244B3B
:1014200001F0E0719A4202D0224B9A421BD10B028A
:1014300019D42268B2F1A04F30D1826841F4000182
:1014400022F0E0720A4382601B481C490068B0FB2E
:10145000F1F0801C00EB4000800000E0401E009096
:101460000028FBD11AE0164D164BAA4207D1CD0138
:1014700005D422689A4211D041F0807109E0124DE2
:10148000AA420BD14A0209D422689A4206D041F4FA
:101490008001826822F0E0720A43826084F858700A
:1014A0004046A4E5000020FE000008800003005034
:1014B000000021C31000C0901C000020400D03005C
:1014C000000052C700010050000084CB70477047F5
:1014D000704770472DE9F047044690F858009CB0DB
:1014E0000E464FF00009012822D0012084F8580050
:1014F00000251795189520684FF0A048404519D150
:10150000274F0097384602F0F5FC8246206802F02B
:10151000F1FC50EA0A0115D0E06D40F02000E065D2
:101520004FF0010984F8585048461CB0BDE8F087D8
:101530000220FAE7E06D40F02000E06584F85850A2
:101540000120F2E71748316840F61F7200298168D0
:1015500021F4604116D094F8383041EA4331736881
:1015600019438160D8F80810BB6801F0010103F04D
:1015700001031943D6D1B368316819438368934393
:1015800019430BE08160D8F80810BB6801F0010135
:1015900003F001031943C5D1816891438160C1E71C
:1015A0000001005000030050704770472DE9F05FC4
:1015B0000446006806684568DFF854B2DBF80800A6
:1015C00000F01F07B0070ED5A8070CD5E06DC006C8
:1015D00003D4E06D40F40060E0652046FFF7E8FCCE
:1015E000216802200860DFF82CA270074FF0A048A5
:1015F00001D5680703D4300737D5280735D5E06D06
:10160000C00603D4E06D40F40070E065206802F08D
:1016100075FC20B32068504501D1424600E00246E7
:10162000824208D03FB1052F05D0092F03D0504585
:1016300003D1414602E0C16801E00146C96889045E
:101640000DD4016809070AD502F050FC58B3E06DCB
:1016500040F01000E065206E40F00100206620465A
:10166000FFF7A2FF21680C200860B00601D5A8068C
:1016700003D4700658D5680656D5E06DC00603D46D
:10168000E06D40F40050E0652068C16C11F4C07F4B
:101690001AD00021894602F031FC024620685045EC
:1016A00014D1434613E02068416821F00C014160E9
:1016B000E06D20F48070E065E06DC004CFD4E06D93
:1016C00040F00100E065CAE70121E3E703468342F9
:1016D00008D03FB1062F05D0072F03D0504503D1C6
:1016E000414602E0C16801E00146C968B9F1000F56
:1016F00014D08B0102D58AB18A040FD40268520635
:101700000CD589020AD402F0E9FBE8B3E06D40F0A1
:101710001000E065206E40F0010020662046FFF7D3
:10172000D5FE21686020086030060BD5280609D553
:10173000E06D40F48030E065204600F069F92168F2
:1017400080200860F0050CD5E8050AD5E06D40F46E
:101750000030E0652046FFF7BBFE21684FF4807043
:101760000860B0050CD5A8050AD5E06D40F48020CE
:10177000E0652046FFF7ADFE21684FF40070086079
:10178000F0062ED5E80600E008E02AD5E06BD0B1DF
:10179000AFB1DBF8080000F4604013E02068416856
:1017A00021F060014160E06D20F48050E065E06D63
:1017B000C005B3D4E06D40F00100E065AEE72068FD
:1017C000C068C00750B1E06D40F48060E065206EF5
:1017D00040F0020020662046FFF7E7FE2168102057
:1017E0000860700512D5680510D5E06D40F48040A2
:1017F000E065206E40F00800206621684FF48060AC
:1018000008602046BDE8F05FFFF761BEBDE8F09FCD
:101810000003005000010050F8B54FF0000504002F
:101820002E46009502D0E06D10B107E00120F8BD12
:10183000204600F0EFF8266684F85860206881683A
:10184000C1F3407119B18168694A11408160206813
:101850008168C1F3007189B98168664A114041F01D
:1018600080518160644865490068B0FBF1F0400038
:10187000801C00E0401E00900028FBD12068816899
:10188000C1F3007141B9E16D41F01001E165216ED4
:1018900041F001012166012502F028FB0646E06DBA
:1018A00000F01001E06D314305D040F01000E0651C
:1018B00001252846F8BD20F4807040F00200E06564
:1018C0002068806810F0010F11D14FF0A0408068AF
:1018D0004B4900F00100896801F00101084306D17D
:1018E00048486168826822F47C120A438260E16899
:1018F000E06B627F0843A16841EA4231084394F8F3
:10190000241040EA0140012904D1218D3E4A02EB16
:1019100041410843E16A29B101F47871226B014326
:1019200042EA01002268D168384B19400143D16076
:1019300020680169626B21F04061114301612068F8
:1019400002F0CCFA06432ED1207F94F838108003A1
:1019500040EA41022168C86844F2020398431043F8
:10196000C86020690028206801690AD041F48031EC
:101970000161206850F8C01F22696FF30D01114307
:1019800007E021F480310161206850F8C01F6FF337
:101990000D01016094F8400001280CD02068016915
:1019A00021F001010161606901282068016B21F0CB
:1019B0000F0111D013E0D4E911010843D4E9131247
:1019C0001143084321680A6940F2FC739A431043AB
:1019D00040F001000861E6E7226A521E11430163EC
:1019E000E06D20F0020040F00100E06561E70000DA
:1019F000C0FFFF5FC0FFFF7F1C000020400D030001
:101A000000010050000300500000FEFF0740F0FFFF
:101A1000704700002DE9F04198B00446142111A848
:101A2000FEF761FC44216846FEF75DFC4FF400417F
:101A3000206800254A03384F0326384C4FF0904861
:101A4000B0F1A04F10D0364B984261D10F9268464A
:101A5000009100F015FD08B1FFF75AFA3868401CF4
:101A60003860012834D03BE00F926846009100F0C6
:101A700007FD08B1FFF74CFA3868401C38600128B0
:101A800007D1E06C40F40050E064E06C00F40050DA
:101A90001690E06C40F00100E064E06C00F00100A2
:101AA0001690E06C40F00200E064E06C139500F0EA
:101AB000020016900420CDE9110611A9404600F05D
:101AC000E3F902201395CDE9110611A9154815E097
:101AD000E06C40F40050E064E06C00F400501690BC
:101AE000E06C40F00100E064E06C139500F0010050
:101AF00016904020CDE9110611A9404600F0C4F926
:101B000000220221122000F049FB122000F038FBD5
:101B100018B0BDE8F08100000C0000200010024069
:101B2000000100500004004810B590F82530002155
:101B30000122022B03D00421C163012122E00368AA
:101B40001C6824F00E041C60836C1C6824F48074F0
:101B50001C6003681C6824F001041C6090F8443089
:101B6000046C03F01F0302FA03F36360D0E913343B
:101B70005C60436D33B11C6824F480741C60D0E950
:101B800016345C6080F82520002280F82420084666
:101B900010BD70B590F82520002401212346022AAB
:101BA00007D00422C26380F8251080F82430012475
:101BB00029E00268156825F00E05156002681568B1
:101BC00025F001051560826C156825F48075156097
:101BD00090F84420056C02F01F0201FA02F26A60DC
:101BE000D0E913255560426D32B1156825F4807532
:101BF0001560D0E91625556080F8251080F824304E
:101C0000816B01B18847204670BDF0B4016C0C684F
:101C100001680D6890F8442002F01F06042202FAC1
:101C200006F3234211D06B070FD50B689B0603D434
:101C30000B6823F004030B6090F8441001F01F01BF
:101C40008A40016C4A60016B1DE0022303FA06F72B
:101C500027424FF0000C4FF0010218D0AF0716D505
:101C60000C68A40605D40C6824F00A040C6080F803
:101C7000252090F8441001F01F018B40016C4B604F
:101C800080F824C0C16A00291AD0F0BC0847082394
:101C9000B340234214D02B0712D50B6823F00E0358
:101CA0000B6090F84410036C01F01F0102FA01F17F
:101CB0005960C26380F8252080F824C0416BE2E7B8
:101CC000F0BC704770B504000CD02B4A216814207A
:101CD000914209D2294A0A44B2FBF0F080006064C4
:101CE00027480AE0012070BD234A52420A44B2FB51
:101CF000F0F080006064204808382064022084F8F6
:101D000025000A6847F6F0708243D4E902031843BD
:101D1000D4E904352B431843A3691843E3691843F6
:101D2000236A1843104308602046FFF797F8A0681D
:101D30000025B0F5804F00D16560A16C2079086066
:101D4000D4E9130141606068401E032808D820468A
:101D5000FFF7A4F8606D0560D4E91601416002E068
:101D60006565A565E565E563012084F8250084F8CF
:101D70002450002070BD000008040240F8FFFDBFA1
:101D80000000024070B5044690F8240000250128A8
:101D90000CD0012084F8240094F825600020012E46
:101DA00006D084F824000225284670BD022070BDAC
:101DB000022684F82560E0632068066826F00106A4
:101DC00006602046FFF77CF8206B00282068016839
:101DD00002D041F00E0106E021F00401016020680C
:101DE000016841F00A010160A06C0168C90303D5D4
:101DF000016841F480710160606D18B1016841F4BF
:101E0000807101602068016841F001010160CBE749
:101E100070B5044600F05CF90546601C02D0044829
:101E20004068044400F054F9401BA042FAD370BD4E
:101E30001000002010B50D4CB0F5806F09D0B0F542
:101E4000807F11D16068401C6060BDE8104003F0E5
:101E50007DBE00F03DF9A168411AC82904D9A060EF
:101E6000BDE8104005F03CB810BD000000000020A7
:101E7000044910B50A68024202D00860FFF7DAFF91
:101E800010BD0000140401402DE9F04FDFF820924E
:101E9000002301260324A9F1040B85B00F2709F1C3
:101EA000040AABF1040EFAE006FA03F52A407CD0EE
:101EB00091F804C00CF0030CBCF1010F02D0BCF18E
:101EC000020F26D1D0F808C0CDF800C04FEA430C6D
:101ED00004FA0CF8CDF810C0DDF800C02CEA080CAC
:101EE000CDF800C0D1F80C80DDF810C008FA0CF86D
:101EF000DDF800C048EA0C08C0F80880D0F804C03B
:101F00002CEA050C0D79C5F300159D4045EA0C053A
:101F100045600D79ED43AD070ED0C5684FEA430823
:101F200004FA08FC25EA0C05D1F808C00CFA08FCF4
:101F30004CEA050CC0F80CC00D7905F00305022D24
:101F400016D1DD0800EB850CCDF808C0DCF8208048
:101F50005D074FEAD56C07FA0CF528EA05080D690C
:101F600005FA0CF5DDF808C045EA0805CCF8205064
:101F700005684FEA430CCDF808C004FA0CFC25EACA
:101F80000C0591F804C00CF00308DDF808C008FA4D
:101F90000CF848EA0508C0F800804D6815F4403F89
:101FA0007CD0444DD5F860C000E077E04CF0010CE7
:101FB000C5F860C02D6E23F0030C05F001050095F7
:101FC0003D4D65440295AD684FEA837C4FEA1C782D
:101FD00007FA08FC25EA0C05B0F1904F06D0DFF8AF
:101FE000DCC0604505D14FF0010C20E04FF0000C43
:101FF0001DE0DFF8CCC0604502D14FF0020C16E0C6
:10200000DFF8C0C0604502D14FF0030C0FE0DFF8ED
:10201000B8C0604502D14FF0040C08E0DFF8ACC056
:10202000604502D14FF0050C01E04FF0060C0CFAB0
:1020300008FC4CEA050C029DC5F808C0D9F8005010
:10204000CC46D1F8048095435FEAC82800D51543F3
:10205000CCF80050DAF80050D446D1F8048095430B
:102060005FEA882800D51543CCF80050DBF8005013
:10207000DC46D1F8048095435FEA883800D51543E3
:10208000CCF80050DEF80050F446D1F804809543B7
:102090005FEAC83800D51543CCF800505B1C0A68CD
:1020A00032FA03F57FF400AF05B0BDE8F08F000011
:1020B00008040140001002400000014000040048F4
:1020C00000080048000C00480010004800140048B8
:1020D00001488068704700001000002002488168B5
:1020E00042681144816070471000002010B5002440
:1020F000032000F073F80F2000F008F808B1012465
:1021000001E000F025F8204610BD000070B50E4E2D
:1021100005460024706898B14FF47A71B1FBF0F075
:102120000A490968B1FBF0F000F038FE40B9102D03
:1021300006D200222946501E00F030F8356000E03B
:102140000124204670BD0000100000201C0000206B
:102150000A4882B0016E41F001010166016E01F092
:1021600001010091816D41F080518165806D00F029
:102170008050009002B000F07BB9000000100240D7
:10218000002809DB00F01F02012191404009800076
:1021900000F1E020C0F8001170470000F0B40E4BD1
:1021A0001B680C46C3F30223C3F10705042D00D9B5
:1021B0000425191D072901D2002300E0DB1E01269A
:1021C00006FA05F1491E214099409E40761E1640B0
:1021D0003143F0BC02F046BF0CED00E0064900F0D0
:1021E000070208684FF6FF03184040EA0220034A3E
:1021F00010430860704700000CED00E00000FA0595
:10220000F8B504004FF0000514D094F83A00052802
:1022100010D094F83A0002280CD03448016E41F0F6
:1022200001010166006E00F00100009094F83A0090
:1022300010B104E00120F8BD002084F839002046E8
:1022400000F058F8A0682A4A4FF48071402836D030
:10225000602834D020680368E66A23F01003334313
:102260000360D4E901031843D4E903363343184328
:10227000237D012B00D000210843616A0843A16A35
:102280000843218E40EAC14094F8341040EA0161CD
:1022900020680368134019430160206881690029A0
:1022A00009DBD4E906121143226A836923F03F0354
:1022B0001A431143816194F83A0090B114E0206808
:1022C0000368E66A23F0100333430360D4E9010393
:1022D0001843267D2369012E00D000210B431843AB
:1022E000CBE7012084F83A002846F8BD00100240F0
:1022F000113E00E030B587B0044614216846FDF772
:10230000F2FF24681D4D00221D4903234FF0904029
:10231000AC4209D1CC6C44F00104CC64C96C01F02E
:10232000010105910E210CE0144D2D1DAC4211D17F
:10233000CC6C44F00104CC64C96C01F0010105913E
:10234000E021CDE9001302924FEA0D01FFF79CFD59
:1023500007B030BD094808308442F9D1C86C40F05C
:102360000200C864C86C694600F0020005900720AE
:10237000CDE9000302920348E8E7000000030140B2
:102380000010024000040048002138B190F83A20C3
:10239000052A03D090F83A20012A02D001210846EC
:1023A00070470268136843F001031360042280F849
:1023B0003A20F4E72B492C4B0A6832214A432B4937
:1023C00040B1B0F5007F086829D020F4C06040F427
:1023D00080602CE00868C0F34120022804D051F846
:1023E000800F20F4807022E0D1F8800020F480700B
:1023F000C1F88000086820F4C06040F400700860F4
:10240000B2FBF3F0401C00E0401E4A69520501D5C2
:102410000028F9D1486940050AD503207047C0F368
:102420004120022806D051F8800F40F480700860E7
:1024300000207047D1F8800040F48070C1F880001F
:10244000086820F4C06040F400700860B2FBF3F04C
:10245000401C00E0401E4A695205DBD50028F9D136
:10246000D8E700001C00002040420F000070004030
:102470000248816841F480418160704700700040EB
:102480002DE9F8430446006800269D4D00035ED503
:10249000A86D0027C00008D4A86D40F08050A86542
:1024A000A86D012700F080500090DFF85892D9F80D
:1024B000001041F48071C9F80010FFF709FE804652
:1024C00006E000BFFFF704FEA0EB080002282BD8AF
:1024D000D9F80000C005F5D5D5F8900010F440708B
:1024E00014D0216C814211D0D5F89000D5F890100D
:1024F00020F4407041F48031C5F89010D5F8901068
:1025000021F48031C5F89010C5F89000C00711D0B3
:10251000FFF7DEFD804641F2883907E0FFF7D8FD7E
:10252000A0EB0801494501D903260BE0D5F890003E
:102530008007F3D5D5F89000216C20F44070084353
:10254000C5F890001FB1A86D20F08050A8652078D4
:10255000C00707D0D5F88800616820F00300084361
:10256000C5F888002078800707D5D5F88800A168CD
:1025700020F00C000843C5F888002078400707D5F4
:10258000D5F88800E16820F030000843C5F88800DD
:102590002078000707D5D5F88800216920F0C00011
:1025A0000843C5F888002078800607D5D5F888004C
:1025B000616920F440600843C5F88800207840062F
:1025C00007D5D5F88800A16920F440500843C5F824
:1025D00088002078000607D5D5F88800E16920F446
:1025E00040400843C5F888002088C00507D5D5F8C5
:1025F0008800216A20F440300843C5F8880020880C
:10260000800507D5D5F88800616A20F4402008438A
:10261000C5F88800208840050FD5D5F88800A16A44
:1026200020F440100843C5F88800A06AB0F5801F68
:1026300003D1E86840F48010E860208800050FD5D9
:10264000D5F88800E16A20F440000843C5F8880006
:10265000E06AB0F5800F03D1E86840F48010E860CC
:102660002088C0040FD5D5F88800216B20F0407079
:102670000843C5F88800206BB0F1807F03D1E8687B
:1026800040F48010E86020884FF0006180040ED58F
:10269000D5F88800626B20F040601043C5F88800D0
:1026A000606B884203D1E86840F48010E8602088BD
:1026B00040040ED5D5F88800A26B20F0406010438E
:1026C000C5F88800A06B884203D1E86840F4801008
:1026D000E860208800040FD5D5F88800E16B20F071
:1026E00040500843C5F88800E06BB0F1805F03D12B
:1026F000E86840F48030E8603046BDE8F8830000C8
:1027000000100240007000402DE9F0470E46050021
:102710004FF0000725D0DFF8AC81D8F8000000F0BA
:102720000F00B0420CD2D8F8001021F00F01314355
:10273000C8F80010D8F8000000F00F00B04210D127
:102740002968614CC80741F2883A5AD06868DFF8B6
:102750007C91032808D0022820682DD0400500284D
:102760002CDB0120BDE8F08720688001F9D5E06806
:1027700000F00302E068C0F30310401C032A19D0E4
:10278000534A00BFB2FBF0F0E268C2F306225043A6
:10279000E268C2F34162521C5200B0FBF2F04845BD
:1027A00017D9A06810F0F00F0CD0880711D5A868D1
:1027B00040B10EE0474AE5E78003D0E700F0B6F805
:1027C000484506D9A06820F0F00040F08000A060E5
:1027D0008027A068696820F003000843A060FFF725
:1027E00077FC814606E000BFFFF772FCA0EB090111
:1027F00051453AD8A068696800F00C00B0EB810F31
:10280000F2D12868810714D5400703D5A06840F4A9
:10281000E060A0602878000705D5A06820F460502B
:1028200040F4E060A060A068A96820F0F0000843D0
:1028300004E0802F03D1A06820F0F000A060D8F859
:102840000010404601F00F01B14216D9016821F095
:102850000F0131430160FFF73BFC074607E000BF73
:10286000FFF736FCC11B514501D903207AE7D8F8A0
:10287000000000F00F00B042F2D12878400705D5E3
:10288000A068E96820F4E0600843A06028780007A9
:1028900006D5A068296920F4605040EAC100A06014
:1028A00000F044F8A1680C4AC1F30311515C01F037
:1028B0001F01C8400949086009480068BDE8F047A1
:1028C000FFF724BC002002400010024000B4C40402
:1028D0000024F40000127A00DC8700081C000020AD
:1028E000100000200548064900688968054AC1F3C0
:1028F0000221515C01F01F01C84070471C000020FC
:1029000000100240EC870008054806490068896805
:10291000054AC1F3C221515C01F01F01C840704754
:102920001C00002000100240EC870008184910B578
:102930008868C0F381021748012A0BD08A684310C7
:10294000C2F38102022A06D08A68C2F38102032AF6
:1029500003D0002010BD184610BDCA6802F0030461
:10296000CA68C2F30312521C032C02D0B0FBF2F06F
:1029700001E0B3FBF2F0CA68C968C2F30622504313
:10298000C1F34161491C4900B0FBF1F010BD0000EA
:10299000001002400024F4002DE9F84304007AD02E
:1029A0002078F84DC00747D0A868E96800F00C000F
:1029B00001F003010C2802D0082817D001E00329F8
:1029C00014D06068B0F5803F17D0B0F5A02F28680C
:1029D00017D020F480302860286820F480202860F8
:1029E0006068E0B1FFF774FB064614E028688003D6
:1029F00022D560680028D2D01EE0286840F48030DC
:102A0000EDE740F480202860F7E700BFFFF760FBA8
:102A1000801B642870D828688003F7D50CE0FFF786
:102A200057FB064605E000BFFFF752FB801B6428FA
:102A3000F0D828688003F7D4207880074CD5A868A0
:102A4000E96800F00C0001F003010C2802D0042812
:102A50000DD001E002290AD0E068002828682BD0B8
:102A600040F480702860FFF733FB064619E02868C1
:102A7000400502D5E068002891D06868217C20F0EC
:102A8000FE4040EA01606860BF480068FFF73EFB17
:102A9000002800D120E072E1FFF71AFB801B02281A
:102AA000B8D828684005F7D56868217C20F0FE403A
:102AB00040EA016068600FE020F480702860FFF752
:102AC00007FB064605E000BFFFF702FB801B02285C
:102AD000A0D828684005F7D42078000729D5606978
:102AE0000028D5F8940013D040F00100C5F89400F8
:102AF000FFF7EEFA064606E090E000BFFFF7E8FABF
:102B0000801B022886D8D5F894008007F6D510E0FF
:102B100020F00100C5F89400FFF7DAFA064604E059
:102B2000FFF7D6FA801B022878D8D5F894008007E2
:102B3000F6D42078400761D5A86D0026C00008D4DF
:102B4000A86D40F08050A865A86D012600F0805067
:102B500000908E480168C90511D40168804641F48F
:102B600080710160FFF7B4FA074604E0FFF7B0FA9E
:102B7000C01B022852D8D8F80000C005F6D5A068BE
:102B8000012815D00528D5F8900016D020F00100B6
:102B9000C5F89000D5F8900020F00400C5F890002A
:102BA000A06841F28838B8B1FFF792FA07460EE004
:102BB000D5F8900040F00100F0E740F00400C5F8BF
:102BC0009000F5E7FFF784FAC11B414526D8D5F8F8
:102BD00090008007F6D50CE0FFF77AFA074604E08C
:102BE000FFF776FAC11B414518D8D5F89000800749
:102BF000F6D41EB1A86D20F08050A865207880061C
:102C000029D5A0690028D5F8980013D040F001001C
:102C1000C5F89800FFF75CFA064606E075E000BFCD
:102C2000FFF756FA801B02286FD8D5F89800800766
:102C3000F6D510E020F00100C5F89800FFF748FA3B
:102C4000064604E0FFF744FA801B02285DD8D5F859
:102C500098008007F6D4E069F0B3A968C1F3810158
:102C600003295DD00228286820F08070286003D0F6
:102C7000FFF72EFA04464BE0FFF72AFA064604E077
:102C8000FFF726FA801B02283FD828688001F7D476
:102C9000F4E908016FF00F0202EB01110843218AE9
:102CA0005204490802EB4151A26841EA022108435B
:102CB000217D4FF07E42490802EB41610843217BB0
:102CC00040EAC160E968324A11400843E860286878
:102CD00040F08070286000E05EE0E86840F08070BE
:102CE000E860FFF7F5F9044605E000BFFFF7F0F9EB
:102CF000001B022809D828688001F7D54CE000BFE6
:102D0000FFF7E6F9001B022802D90320BDE8F8838B
:102D100028688001F4D4E8681E490840E8603BE078
:102D20000128F3D0E868226A00F00301914226D11D
:102D3000616A00F0F0020901103991421FD1A26AC4
:102D400000F4FE41B1EB022F19D194F82C2000F0D1
:102D50007841B1EBC26F12D1218E00F4C002490854
:102D60004905A1F50011914209D194F8341000F001
:102D7000C06049084906A1F1007181420CD00120D0
:102D8000C4E7000000100240100000200070004066
:102D90000C809F01FCFFEEFE0020B7E710B5401E3F
:102DA000B0F1807F01D3012010BD4FF0E0246061BD
:102DB0000F21601702F056F90020A0610720206162
:102DC000002010BD704770477047000030B590F884
:102DD0003C20012A42D0012280F83C20CA688B683E
:102DE00022F440721A434B6822F480621A430B6843
:102DF00022F400621A430B6922F480521A434B6991
:102E000022F400521A430B6B22F480421A430B8BBC
:102E100022F4702242EA0342CB6922F080521A4324
:102E20000F4D03680024AB4202D00E4DAB4210D1CF
:102E30000D8D22F4700242EA05520D6A22F0807272
:102E40002A434D6A22F000722A43C96A22F00052D6
:102E50000A435A6480F83C40002030BD022030BD57
:102E6000002C01400034014070477047704700005B
:102E7000F0B590F83C20012A3AD0012580F83C506A
:102E8000022280F83D2003685A689C68194E1A4F48
:102E9000B34201D0BB4204D122F4700C4A6842EA2A
:102EA0000C02DFF858C002EA0C02D1F800C04CEA6C
:102EB000020CC3F804C00268B2420DD0B2F1804FD8
:102EC0000AD00F4B9A4207D00E4B9A4204D0BA4216
:102ED00002D00D4B9A4204D1896824F08003194333
:102EE000916080F83D50002180F83C100846F0BD0C
:102EF0000220F0BD002C0140003401408FFFFFFD97
:102F0000000400400008004000400140704710B538
:102F1000040003D094F83D0010B107E0012010BD7B
:102F2000002084F83C00204600F022F8022084F8BB
:102F30003D00211D206801F08FFA012084F848002F
:102F400084F83E0084F83F0084F8400084F8410093
:102F500084F8420084F8430084F8440084F8450073
:102F600084F8460084F8470084F83D00002010BD36
:102F700008B500680B49884212D10B48016E41F434
:102F800000610166006E002200F4006000901146AE
:102F90001920FFF703F9BDE808401920FFF7F0B842
:102FA00008BD0000002C01400010024070B504462E
:102FB00090F83C000025012814D0012684F83C60DC
:102FC000022084F83D0022689068364B184020F4B7
:102FD0007F409060086870282ED010DC10F00F0F32
:102FE00003D021E04FF0020070BD4FEA2012072A03
:102FF0001AD2DFE802F0525252524A3840002A4BAD
:10300000C21A984249D009DCB0F5805F0DD0B0F506
:10301000005F1CD0B0F1101F06D13EE0102A3CD05A
:10302000202A3AD0502A38D0012584F83D6000206B
:1030300084F83C00284670BDCB68D1E901212068A6
:1030400001F075FA2068816841F0770109E0CB68EA
:10305000D1E90121206801F06AFA2068816841F411
:1030600080418160E1E7CA684968206801F00AFC94
:103070005021206806E0CA684968206801F013FC06
:103080006021206801F05EFACFE7CA6849682068CD
:1030900001F0F8FB40212068F4E722680146104661
:1030A000F0E7000088FFCEFF200010002DE9F0417E
:1030B0000D46040003D094F83D0018B108E001204B
:1030C000BDE8F081002084F83C00204600F042F882
:1030D000022084F83D00206881681D4A114081600B
:1030E000211D206801F0B8F9226890689169166A7C
:1030F0002B68AF69034340F20330814341EA072163
:10310000A868EF6908434FF6FC418843E96840EA44
:103110000720014328692F6A000140EA073008436D
:1031200069686D6926F0AA0646EA05152943936089
:103130002268906154F8480B0162012004F81F09CD
:103140006075A075E076207720750020B8E7000054
:10315000F8BFFEFF10B586B0044614216846FDF79F
:10316000C2F81149206888421CD11048816D41F095
:1031700004018165816D01F004010591C16C41F08C
:103180000201C164C06C002100F002000590C02063
:1031900000900220CDE90101CDE903106946044801
:1031A000FEF772FE06B010BD00080040001002409D
:1031B0000004004870B590F83E60044690F83F5017
:1031C00090F8443090F84520022021B104290ED017
:1031D000012E1BD114E0012E18D1012B16D184F839
:1031E0003E0084F8440001220021206820E0012DE7
:1031F0000CD1012A0AD184F83F0084F8450014E07C
:10320000012D03D1012B01D1012A01D0012070BD74
:1032100084F83E0084F83F0084F8440084F84500B8
:1032200001220021206801F075F9012204212068A3
:1032300001F070F92068016841F00101016000208F
:1032400070BD70472DE9F04104460068C668056905
:103250004FF00007A90713D5B10711D5F91E016179
:1032600001202077206880698007204602D0FFF780
:10327000E8FF04E000F00AF9204600F0CCF92777D7
:10328000680716D5700714D521686FF0040008612F
:10329000022020772068806910F4407F204602D009
:1032A000FFF7CFFF04E000F0F1F8204600F0B3F99B
:1032B0002777280715D5300713D521686FF0080048
:1032C0000861042020772068C0698007204602D06A
:1032D000FFF7B7FF04E000F0D9F8204600F09BF9B3
:1032E0002777E80616D5F00614D521686FF0100090
:1032F0000861082020772068C06910F4407F2046CC
:1033000002D0FFF79EFF04E000F0C0F8204600F076
:1033100082F92777E80708D0F00706D021686FF018
:1033200001000861204600F0F5F9280601D4A80440
:1033300008D5300606D521686FF402500861204692
:10334000FFF741FDE80508D5300606D521686FF482
:10335000807008612046FFF735FD680608D57006C5
:1033600006D521686FF040000861204600F0DCF9C6
:10337000A80608D5B00606D521686FF020000861C0
:103380002046FFF721FDE80208D5F00206D52168A6
:103390006FF4801008612046FFF767FDA80208D58A
:1033A000B00206D521686FF4001008612046FFF7CF
:1033B0005BFD680208D5700206D521686FF48000B5
:1033C00008612046FFF752FD28020AD5300208D5D1
:1033D00021686FF4000008612046BDE8F041FFF766
:1033E00095BDBDE8F081000030B587B004461421DA
:1033F0006846FCF778FF2149206888423CD1204884
:10340000C16C41F00401C164C16C01F0040105917B
:10341000C16C41F00201C164C16C01F0020105916F
:10342000C16C41F00101C164C06C022400F00100D4
:1034300005904FF40050CDE900040425029469463C
:103440001048CDE90345FEF71FFDA003CDE90004B8
:10345000029469460C48CDE90345FEF715FD4FF48B
:10346000B850CDE9000406200294CDE90340694636
:103470004FF09040FEF708FD07B030BD002C014032
:10348000001002400008004800040048704770B572
:10349000044690F83C0000260D4601280BD0012080
:1034A00084F83C000C2A4AD007DC82B1042A20D0E0
:1034B000082A06D131E0022070BD102A53D0142A08
:1034C00063D00126002084F83C00304670BD20689F
:1034D00001F042F82068816941F0080181612068AB
:1034E000816921F004018161206881692A691143A1
:1034F00011E0206801F07EF82068816941F40061E4
:1035000081612068816921F480618161206881691D
:103510002A6941EA02218161D4E7206801F0B2F80A
:103520002068C16941F00801C1612068C16921F0CA
:103530000401C1612068C1692A69114311E0206852
:1035400001F0E8F82068C16941F40061C1612068B8
:10355000C16921F48061C1612068C1692A6941EAB9
:103560000221C161AEE7206801F01CF92068016DFD
:1035700041F0080101652068016D21F00401016539
:103580002068016D2A69114311E0206801F042F9B9
:103590002068016D41F4006101652068016D21F42E
:1035A000806101652068016D2A6941EA0221016597
:1035B00088E710B5040003D094F83D0010B107E08F
:1035C000012010BD002084F83C00204600F022F8C5
:1035D000022084F83D00211D206800F03DFF0120FD
:1035E00084F8480084F83E0084F83F0084F84000E6
:1035F00084F8410084F8420084F8430084F84400D1
:1036000084F8450084F8460084F8470084F83D00BB
:10361000002010BD7047704730B50446022269B1E2
:10362000042912D0082917D00C291CD0102921D028
:1036300094F84300012824D0012030BD94F83E00C6
:103640000128F9D184F83E201DE094F83F000128BC
:10365000F2D184F83F2016E094F840000128EBD125
:1036600084F840200FE094F841000128E4D184F868
:10367000412008E094F842000128DDD184F842207E
:1036800001E084F843200122206800F043FF194B39
:1036900020681949194A984209D0884207D09042B7
:1036A00005D0174DA84202D0164DA84203D1456C53
:1036B00045F400454564206898420CD0B0F1804F35
:1036C00009D0114B984206D0104B984203D0884243
:1036D00001D0904207D181680D4A1140062906D0D9
:1036E000B1F5803F03D0016841F001010160002085
:1036F00030BD0000002C014000340140004001407A
:10370000004401400048014000040040000800401F
:103710000700010000680349884201D103F0DCBAC8
:1037200070470000002C0140704790F88410012978
:1037300018D0012180F884102421C0F88810016875
:103740000A680B6823F001030B6022F0005100228D
:103750004266036819602021C0F8881080F8842030
:10376000104670470220704710B50446D0F88C0010
:10377000202801D0022010BD61B15AB10120E066BD
:1037800000202067204601F0A3FB0028F3D1E16E62
:10379000012901D0012010BD226810211162226888
:1037A00052E8001F41F0100142E80013002BF6D14F
:1037B00010BD00002DE9F0410068174A904229D160
:1037C000164C174B0125A08803F1400617E01A5C40
:1037D0000D2A07D00A2A05D067883F2F0DD22778F7
:1037E00037B10AE0628842B1227832B9257004E02C
:1037F0006788F2556288521C6280401C80B2884201
:10380000E5D3A180402206490648FFF7ADFF002816
:1038100000D1A080BDE8F0810044004040000020BD
:103820007C08002078030020704770B5044690F8AB
:10383000840001281DD0012084F884002420C4F8CD
:10384000880020680568026822F001020260206892
:10385000826822F060620A438260204601F036F8F6
:10386000206805602020C4F88800002084F88400C7
:1038700070BD022070BD70B5044690F88400012828
:103880001DD0012084F884002420C4F8880020681A
:103890000568026822F0010202602068826822F056
:1038A00060420A438260204601F010F820680560FB
:1038B0002020C4F88800002084F8840070BD022015
:1038C00070BD70477047000010B500680649884217
:1038D00008D1402205490648FFF746FF002801D1DC
:1038E0000449888010BD0000004400407C0800208E
:1038F0007803002040000020014651F8880F4968F5
:10390000084370472DE9F04103680446D8691968F7
:103910009A6840F60F0528424FF000054FF0020666
:103920000AD187067ED501F0200702F0805C57EAB5
:103930000C0777D0616F42E1B64FDFF8DCC2174069
:1039400001EA0C0C57EA0C0C6CD05FEAC07C0CD07E
:103950005FEAC15C09D54FF0010CC3F820C0D4F870
:10396000903043F00103C4F89030830709D5D307A2
:1039700007D023681E62D4F8903043F00403C4F8E3
:10398000903043070AD5D30708D026680423336252
:10399000D4F8903043F00203C4F8903003070CD5FC
:1039A00001F020033B4308D0266808233362D4F893
:1039B000903043F00803C4F8903003050BD54B0159
:1039C00009D526684FF400633362D4F8903043F091
:1039D0002003C4F89030D4F89030002B3DD08006FE
:1039E00009D501F0200002F08051084303D0616F37
:1039F00009B120468847D4F89000216889684906B3
:103A000002D410F0280F2AD0204601F0E5F82068F3
:103A1000806840061ED52068083050E8001F21F05D
:103A2000400100E021E040E80012002AF3D1D4F880
:103A3000800078B179498163D4F88000FEF7A9F855
:103A400000280AD0D4F88000816B00E02046BDE851
:103A5000F04108472046FFF737FFBDE8F0812046D8
:103A6000FFF732FFC4F89050F7E7D4F86CC0202776
:103A7000BCF1010F7ED15FEAC06C7BD55FEAC16CFF
:103A800078D51020186220688068400651D5D4F897
:103A900080100A6850680004000C3ED0B4F85C3016
:103AA00083423AD9A4F85E000868006880062CD4E6
:103AB000216851E8000F20F4807041E80002002ADC
:103AC000F6D12068083050E8001F21F0010140E8DD
:103AD0000012002AF5D12068083050E8001F21F0BC
:103AE000400140E80012002AF5D1C4F88C70E56668
:103AF000216851E8000F20F0100041E80002002A80
:103B0000F6D1D4F88000FEF70FF82667B4F85C0011
:103B1000B4F85E10401A81B207E0B4F85C1081423C
:103B20009BD11068800698D526672046FFF742FE95
:103B300093E7B4F85C00B4F85E10401A81B2B4F8B0
:103B40005E00002889D0002987D0226852E8000F43
:103B500020F4907042E80003002BF6D12D4BDB439C
:103B60002068083050E8002F1A4040E8002CBCF1D3
:103B7000000F00E00EE0F3D1C4F88C70E5666567D5
:103B8000206850E8002F22F0100240E80023002BAC
:103B9000F6D1C9E7C60209D5560207D54FF4801001
:103BA00018622046BDE8F041FFF78CBE03060AD537
:103BB00001F0800302F40002134304D0A16F002936
:103BC0007FF444AF49E7420611D54A060FD5204697
:103BD000016851E8002F22F0400241E80023002B49
:103BE000F6D1C0F88870856700F06CF935E70202FD
:103BF00006D54A0004D52046BDE8F041FFF761BE76
:103C0000C00195D5002993DA2046BDE8F041FFF7C1
:103C10000BBE00000100001020010004854A0008CE
:103C200010B5040003D0D4F8880010B107E00120DB
:103C300010BD002084F88400204600F027F82420DE
:103C4000C4F888002068016821F001010160A06AC1
:103C500010B1204600F05CFE204600F0FFFF012876
:103C6000E6D02068416821F4904141602068816875
:103C700021F02A0181602068016841F001010160A2
:103C80002046BDE8104000F0A7BE0000F0B597B098
:103C90000646142111A8FCF726FB44216846FCF7D0
:103CA00022FB3149306888425BD1022500246846F6
:103CB00000950294FEF7E4FB08B1FDF729F92B48C3
:103CC000816D41F400318165816D01F400311691FF
:103CD000C16C41F00201C164C06C11A900F0020086
:103CE00016901820CDE911050320CDE913400720D7
:103CF00015901F48FEF7C8F81F4D1E4805F1080132
:103D000028601B2068601020802781E891006C618A
:103D1000AC61EC6128462C62FDF7D4FF08B1FDF7D9
:103D2000F7F8F567AE621348144D143028601A2076
:103D3000C5E90104C5E903476C61AC61EC61284643
:103D40002C62FDF7BFFF08B1FDF7E2F8C6F880501E
:103D5000002211462620AE62FEF720FA2620FEF74A
:103D60000FFA17B0F0BD0000004400400010024000
:103D700000040048080002400C0400206C040020ED
:103D8000704770472DE9F8430446D0F888009846FC
:103D900016460D46202802D00220BDE8F883A5B1C2
:103DA0009EB10020C4F890002120C4F88800183487
:103DB000FEF78EF9A6878146E68754F8100C202777
:103DC000183CB0F5805F02D003E00120E5E72069F0
:103DD00010B12E46002510E000260EE0802120467E
:103DE00001F0CAF8C0B9DEB116F8010B216888628B
:103DF000B4F85600401EA4F85600B4F856004B46DE
:103E00004FF00002CDF800800028E7D14FF04001CC
:103E1000204601F0B1F840B1C4F888700320BCE737
:103E200035F8020BC0F30800E0E7C4F88870002002
:103E3000B3E7000070B50446D0F88800202801D010
:103E4000022070BD39B332B32165A4F85420A4F820
:103E500056200021C4F890102120C4F88800E06F9B
:103E6000D8B1154BC362E36F14481863E36F14486D
:103E70005863E06F134681632068E56F00F1280204
:103E80002846216DFDF77EFF38B11020C4F8900060
:103E90002020C4F88800012070BD216840200862FD
:103EA0002068083050E8001F41F0800140E800120F
:103EB000002AF5D1002070BD8B4B0008CD4B0008C7
:103EC000954A000870477047022004F0D5FAFEE7D3
:103ED00000EB8100006E00F0F84070478068C0F38E
:103EE000C00070478068C0F3C00070478068C0F3AE
:103EF000800070478068C0F380007047C06810F48D
:103F0000406F01D00020704701207047042303EA6E
:103F1000D15310B518444369C1F3045107248C40B0
:103F2000A3438A401343436110BD00EB8100016E3F
:103F300021F00041114301667047000070B592B056
:103F400000240F9410943C2168461194FCF7CBF99F
:103F500024484FF0A0410125C0E90014846000F11D
:103F600010010426C46081E870000477447705627C
:103F700080F8244080F83840C46380F84040FDF762
:103F80004BFC58BB0FA917480F94FDF7A3FA28BBA9
:103F9000154800900920CDE901057F200594CDE961
:103FA00003060220089080208DF824408DF82540DB
:103FB0000A900B908DF826408DF8304069460948EC
:103FC000FCF7F8FF50B90948009040F20F1001903B
:103FD00069460448FCF7EEFF002801D0FCF798FF83
:103FE00012B070BD540100200800900C0010603227
:103FF00070B590B03C216846FCF775F9224821491C
:104000000024C0E90014846000F110010125042699
:10401000C46081E8700004774477056280F824402A
:1040200080F83840C46380F84040FDF7F5FB28BBBA
:10403000164800900920CDE901057F200594CDE9BF
:1040400003060220089080208DF824408DF825403A
:104050000A900B908DF826408DF8304069460A484A
:10406000FCF7A8FF50B90A48009040F20F100190E9
:1040700069460548FCF79EFF002801D0FCF748FF81
:1040800010B070BD00010050C001002000008CCBBA
:104090000800900C00B587B014216846FCF723F99E
:1040A0002548C16C41F00401C164C16C01F00401F8
:1040B0000591C16C41F02001C164C16C01F0200187
:1040C0000591C16C41F00101C164C16C01F00101B5
:1040D0000591C16C41F00201C164C06C694600F0F9
:1040E000020005904FF4806000904FF4041001909E
:1040F000002002901148FDF7C7FE4FF48070009039
:104100004FF4881001900220029069460C48FDF798
:10411000BBFE002211461720FEF740F81720FEF7DD
:104120002FF8002205212820FEF738F82820FEF776
:1041300027F807B000BD000000100240000800484A
:10414000000400480C4810B50A49016000214022D3
:10415000C0E9011201610175D202426281614FF42E
:104160004042C0E90A21FEF74BF8002801D0FCF7D5
:10417000CFFE10BD000301402C0200200C4810B5FA
:104180000A49016000214022C0E901120161017564
:10419000D202426281614FF44042C0E90A21FEF737
:1041A0002FF8002801D0FCF7B3FE10BD0403014036
:1041B000680200200D4810B50B4901600021402223
:1041C000C0E901120122016102755204426281615B
:1041D0004FF44042C0E90A21FEF712F8002801D04E
:1041E000FCF796FE10BD000008030140A402002069
:1041F00030B59BB0002419941A9417941894149411
:1042000015941C2168461694FCF76DF8342107A814
:10421000FCF769F838483749C0E90014202181606B
:104220004FF4A651C1604FF48071016101214161D9
:1042300080218161FEF76BFE002853D14FF480503E
:10424000179017A92C48FEF7B1FEE0BB2A48FFF7EC
:10425000B0F9C0BB7025CDE9145414A926481694B2
:10426000FEF706FE78BB6020CDE9000402940394BB
:1042700004940594002269461F480694FFF707F945
:1042800008BB042269461C48FFF701F9D8B9082287
:1042900069461948FFF7FBF8A8B941F2BF40CDE9DC
:1042A00000500C2269461448FFF7F1F858B94FF452
:1042B000006007904010CDE908043F20CDE90A04D2
:1042C0004FF4005000E00DE0CDE90C0400030E9423
:1042D000CDE90F401194129407A907481394FEF7F3
:1042E00075FD08B1FCF714FE0348FFF77DF81BB01D
:1042F00030BD0000002C0140E002002010B58CB061
:1043000024216846FBF7EFFF0024164809940A941D
:1043100013490B94C0E900144FF6FF71C0E9024144
:10432000046184610320CDE900040120CDE9020489
:104330000F210491CDE90540CDE9074169460948BF
:10434000FEF7B4FE38B9099409A906480B94FEF7A4
:104350008FFD002801D0FCF7DBFD0CB010BD000084
:10436000000800402C030020134810B511490160DB
:1043700012494160002181600C22C160C0E9041231
:104380008161C161016241628162FFF749FC70B9DC
:1043900000210948FFF76FFA48B900210648FFF7E6
:1043A00044FA20B90448FFF7C0F9002801D0FCF70F
:1043B000AFFD10BD0044004078030020A02E630034
:1043C000032004F059F8FEE7012004F055F8FEE759
:1043D00070477047FDF782BE10B594B0382168462B
:1043E000FBF781FF14210EA8FBF77DFF0020FDF7EE
:1043F000E1FF012000900004019002200324CDE998
:1044000007045521CDE909010821CDE90B100D90D4
:104410006846FEF7C1FA60B90F20CDE90E0400200E
:1044200010901190129004210EA8FEF76DF900284B
:1044300001D0FCF76DFD14B010BD0000024801680A
:1044400041F470010160704788ED00E00148FEF71B
:10445000F9BE0000E00200202DE9F0430268264B7F
:10446000264D274E274C4FF08049984207D04845AB
:1044700005D0A84203D0B04201D0A04203D122F01F
:1044800070074A683A43204FDFF880C0DFF8808029
:1044900098420DD048450BD0A84209D0B04207D071
:1044A000A04205D0B84203D0604501D0404503D1B9
:1044B00022F44075CA682A434D6922F080022A43DB
:1044C00002608A68C2620A688262984207D0A0428B
:1044D00005D0B84203D0604501D0404501D10969FB
:1044E0000163012141610169C90703D0016921F01C
:1044F00001010161BDE8F083002C0140000400408F
:1045000000080040003401400040014000440140E8
:104510000048014010B501F01F030121046A9940D1
:104520008C430462016A9A401143016210BD10B5C8
:10453000846842EA032224F47F440A4322438260CF
:1045400010BD00008268034B1A400A4342F0070185
:10455000816070478FFFCFFF2DE9F043056A026A43
:1045600022F001020262436882691C4C25F00205B8
:1045700022400C6822F0030214438A68194E2A4331
:10458000174D194FDFF864C0DFF86490A84207D0D8
:10459000B04205D0B84203D0604501D0484506D1AD
:1045A00022F00808CA6842EA080222F00402A8427F
:1045B00007D0B04205D0B84203D0604501D048458D
:1045C00005D14D6923F440731D438B692B43436030
:1045D0008461496841630262BDE8F0838FFFFEFF9A
:1045E000002C0140003401400040014000440140E3
:1045F00000480140F0B5056A026A22F0100202622A
:1046000042688369194C1B4E23400C6823F44073A5
:1046100043EA042425F020038D6843EA0513144D72
:10462000A84201D0B04206D1CF6823F0800343EA0C
:10463000071323F04003A8420AD0B04208D00E4D21
:10464000A84205D00D4DA84202D00D4DA84207D179
:104650004D6922F4406242EA85028D6942EA850290
:1046600042608461496881630362F0BDFF8FFFFE91
:10467000002C014000340140004001400044014052
:1046800000480140F0B5056A026A22F480720262B5
:104690004368C269194C1B4E22400C6822F0030289
:1046A000144325F400728D6842EA0522144DA84295
:1046B00001D0B04206D1CF6822F4006242EA07225C
:1046C00022F48062A8420AD0B04208D00E4DA8421F
:1046D00005D00E4DA84202D00D4DA84207D14D691C
:1046E00023F4405343EA05138D6943EA05134360FD
:1046F000C4614968C1630262F0BD00008FFFFEFF24
:10470000002C0140003401400040014000440140C1
:1047100000480140F0B5056A026A22F48052026244
:104720004268C369194C1B4E23400C6823F4407344
:1047300043EA042425F400538D6843EA0533144DFD
:10474000A84201D0B04206D1CF6823F4004343EA27
:10475000073323F48043A8420AD0B04208D00E4D5C
:10476000A84205D00D4DA84202D00D4DA84207D158
:104770004D6922F4404242EA85128D6942EA85126F
:104780004260C461496801640362F0BDFF8FFFFEAF
:10479000002C014000340140004001400044014031
:1047A0000048014030B5056A026A22F48032026294
:1047B0004268036D114C23400C681C4325F4003300
:1047C0000D8943EA05430E4DA8420BD00D4DA8427A
:1047D00008D00D4DA84205D00C4DA84202D00C4D7A
:1047E000A84204D14D6922F4803242EA0522426097
:1047F000046549688164036230BD00008FFFFEFFDD
:10480000002C0140003401400040014000440140C0
:104810000048014030B5046A026A22F48012026244
:104820004268036D114D24F400142B400D6843EAD7
:1048300005230D8944EA05540D4DA8420BD00D4DBA
:10484000A84208D00C4DA84205D00C4DA84202D079
:104850000B4DA84204D14D6922F4802242EA852200
:10486000426003654968C164046230BDFF8FFFFE8A
:10487000002C014000340140004001400044014050
:104880000048014010B5036A046A24F00104046280
:10489000846924F0F00444EA021423F00A020A4373
:1048A0008461026210BD10B5036A046A24F010042A
:1048B0000462846923F0A00324F4704444EA0232C1
:1048C00043EA01118261016210BD000030B5416E02
:1048D000B9B1026891689268C1F342610B4B520F03
:1048E0009C5CE50003F10804A25CB5FBF2F2A0F8C1
:1048F0006A205A5C615CD200B2FBF1F1A0F868104A
:1049000030BD0121A0F86A10F8E70000CC8700084C
:1049100090F82810090706D501684A68836B22F4CD
:1049200000421A434A6090F82810C90706D001686F
:104930004A68C36A22F400321A434A6090F8281089
:10494000890706D501684A68036B22F480321A434E
:104950004A6090F82810490706D501684A68436BF9
:1049600022F480221A434A6090F82810C90606D51E
:1049700001688A68C36B22F480521A438A6090F8F7
:104980002810890606D501688A68036C22F4005253
:104990001A438A6090F82810490611D501684A68C0
:1049A000436C22F480121A434A60416CB1F5801FB7
:1049B00006D101684A68836C22F4C0021A434A6037
:1049C00090F82810090606D501684A68C06C22F4E0
:1049D000002202434A6070472DE9F843002604464E
:1049E000C0F89060FDF774FB8046206800684FF0C7
:1049F000200500076FF07E4713D5434600222904A7
:104A00002046009700F0B8FA58B1216851E8000F2D
:104A100020F0800041E80002002AF6D1C4F8885056
:104A200021E020680068400722D5434600224FF469
:104A300080012046009700F09FFAC8B1216851E834
:104A4000000F20F4907041E80002002AF6D120689F
:104A5000083050E8001F21F0010140E80012002A50
:104A6000F5D1C4F88C5084F884600320BDE8F88345
:104A7000C4F88850C4F88C5044F86C6F6660267691
:104A80000020F3E710B5806A0021A0F85E10FEF761
:104A90001BFF10BD70B5846AD4F88800D4F88C5020
:104AA000216889684FF00006090606D5212804D13F
:104AB000A4F85660204600F0B9F8206880684006E7
:104AC00006D5222D04D1A4F85E60204600F084F8BB
:104AD000D4F8900040F01000C4F890002046FEF793
:104AE000F3FE70BD10B50146806A096809684FF091
:104AF000000289062DD4A0F85E20036853E8001F49
:104B000021F4807143E80014002CF6D101680831CB
:104B100051E8003F23F0010341E80034002CF5D1B7
:104B20000168083151E8003F23F0400341E80034B8
:104B3000002CF5D12021C0F88C10C16E012908D1BC
:104B4000016851E8003F23F0100341E80034002CD5
:104B5000F6D10267C16E012902D0FFF711F910BD2D
:104B6000B0F85C10FEF726FE10BD10B5806A01217A
:104B70000167C16E012902D0FFF703F910BDB0F83B
:104B80005C104908FEF716FE10BD10B50146806A9C
:104B900009680968890616D40021A0F85610016832
:104BA000083151E8002F22F0800241E80023002B59
:104BB000F5D1026852E8001F41F0400142E80013BD
:104BC000002BF6D110BDFFF77DF910BD10B5806A3E
:104BD000FFF779F910BD000010B5026852E8001F18
:104BE00021F4907142E80013002BF6D10E4B0268BD
:104BF000083252E8001F194042E80014002CF6D198
:104C0000C16E012908D1016851E8002F22F010027D
:104C100041E80023002BF6D12021C0F88C100021A0
:104C2000C166416710BD0000FEFFFFEF026852E859
:104C3000001F21F0C00142E80013002BF6D10168EB
:104C4000083151E8002F22F4000241E80023002B34
:104C5000F5D12021C0F88810704700002DE9F041FF
:104C60000446016880682269E3691043626900258F
:104C70001A431043DFF82CC20A688B4B1A400243D8
:104C80000A6020684168E26821F4405111434160A4
:104C90002168A069614501D0226A10438A68834B6C
:104CA0001A4002438A602068C16A626A21F00F01DB
:104CB0001143C1627E4923687E488B420DD1D0F8F2
:104CC000880010F0030006D0012855D0022842D0F9
:104CD00003283FD152E001203DE077498B420BD1C0
:104CE000D0F8880010F00C0035D0042833D0082804
:104CF00040D00C282ED141E070498B420BD1D0F826
:104D0000880010F0300026D0102835D0202831D06F
:104D100030281FD132E06A498B420BD1D0F888008D
:104D200010F0C00017D0402826D0802822D0C028FC
:104D300010D123E063450DD1D0F8880010F4406015
:104D400009D0B0F5806F17D0B0F5006F12D0B0F574
:104D5000406F13D010205B495B4F00264FF4004298
:104D600063453BD160B1022813D004280BD008283A
:104D700072D10DE00220EEE70420ECE70820EAE71C
:104D8000FDF7B0FD01E0FDF7D1FD010001D17CE0B0
:104D90001146606A37F810206768B1FBF2F007EB44
:104DA0004703834270D8B0EB073F6DD80023084615
:104DB0001946FBF72DFA090241EA10610202780850
:104DC000101871413A460023FBF722FA3F4AA0F53A
:104DD0004071914258D82168C86056E0E3694FF6A7
:104DE000EF7893422CD109284ED2DFE800F0050875
:104DF000114D0D4D4D4D1000FDF774FD01E0FDF717
:104E000083FD010004D140E0FDF790FDF9E7114674
:104E1000606A37F81000B1FBF0F04100606801EB08
:104E20005001B1FBF0F0A0F1100141452CD84FF634
:104E3000F0710140C0F3420001432068C16024E0EA
:104E4000092821D2DFE800F0050912200E202020D9
:104E50001100FDF747FD02E016E0FDF755FD0100EA
:104E600004D112E0FDF762FDF9E71146606A37F8F8
:104E70001000B1FBF0F1606801EB5001B1FBF0F004
:104E8000A0F1100141450AD901250120A4F86A00CA
:104E900024F8680F2846E6602661BDE8F08180B2FC
:104EA00099E7000000800040F369FFCFFFF4FF1195
:104EB000003801400010024000440040004800401B
:104EC000004C00400024F400B4870008FFFC0F00F1
:104ED00070B58165A0F85C2000210446C0F89010F0
:104EE0002220C4F88C00D4F88000F0B11F4BC362BC
:104EF000D4F880301E481863D4F880301D485863B9
:104F0000D4F8800013468163A56D21682A462431B8
:104F1000D4F88000FCF736FF38B11020C4F89000B8
:104F20002020C4F88C00012070BD206940B12168A8
:104F300051E8000F40F4807041E80002002AF6D1E9
:104F40002068083050E8001F41F0010140E80012DD
:104F5000002AF5D12068083050E8001F41F04001D8
:104F600040E80012002AF5D1002070BDE54A000893
:104F70006B4B0008954A00082DE9F0479946174603
:104F80000D4604464FF00008089E33E0701C31D0F7
:104F9000FDF79EF8A0EB0900B04218D8BEB120681A
:104FA0000168490726D5802D24D0402D22D0C16923
:104FB000C94309070DD4082505622046FFF70CFEFA
:104FC000C4F8905084F884800120BDE8F087032065
:104FD000FBE7C069C04300050CD421684FF40060B2
:104FE00008622046FFF7F8FD2020C4F8900084F8FE
:104FF0008480ECE72068C06935EA000004D0002016
:10500000B842C3D00020E0E70120F9E70148FEF7ED
:1050100079BC000078030020052003F02DFAFEE79C
:105020000FB4054B10B503A9044A029800F094F997
:1050300010BC5DF814FB0000CD800008B400002017
:105040007CB5491E1C461546CDE90001044B6A4655
:105050002146284600F080F9009A002111707CBD9D
:10506000875A00080907090E002804DB00F1E02038
:1050700080F80014704700F00F0000F1E02080F885
:10508000141D704710B52DED028BF0EE408A18EE1E
:10509000900AB0EE608A20F00040C0F1FF40C00FDF
:1050A00007D118EE100A20F00040C0F1FF40C00FF9
:1050B0002BD018EE101A18EE900AFBF7CAFB00EE80
:1050C000100A10EE100A6FEAD05010F0FF0F04BF64
:1050D000BDEC028B10BD18EE900A00F0004110EEFE
:1050E000100A00F00040814204BFBDEC028B10BDED
:1050F00018EE101A10EE100ABDEC028B61F31E00C0
:1051000000EE900A30EE600A10BD18EE900A4FF0E3
:105110007F41B1EB400F1CBF18EE100A5FEA400060
:10512000C7D1012000F058F8BDEC028BBDE810405B
:1051300000F03AB810B52DED028BB1EEC08A18EE32
:10514000100A20F00040C0F1FF40C00F0AD010EE5E
:10515000100A20F00040C0F1FF40C00F04BF012042
:1051600000F03AF8B0EE480ABDEC028B10BD00002A
:1051700000B583B09FED0A0B0A4601468DED000B8A
:105180006846FBF7FCFA9DED000B51EC100BFBF7AA
:1051900099FA03B000EE100A00BD00000000000004
:1051A0000000000000000000DFED020A80EEA00A0F
:1051B000704700000000000002E008C8121F08C18C
:1051C000002AFAD170477047002001E001C1121F88
:1051D000002AFBD1704700000149086070470000B9
:1051E000B80000202DE9FF5FDDE90220010DDDF8A8
:1051F00038B0024318D044F61050A1F2FF314143B9
:105200000D140F98012820D0A5EB0B00401C5FEA7D
:10521000000A4FF00004474EDFF81C91A0465046AC
:1052200016D5CAF1000728E00F98012443A20128EF
:1052300008D0002100980F9BC0E90021C0E902437B
:10524000BDE8FF9F6FEA0B01F4E7CBF10000DEE75A
:10525000074612E0F80707D0224633464046494643
:10526000FBF723F980468946224633461046194605
:10527000FBF71BF904460E467F10002FEAD1DDE94B
:105280000201BAF1000F42464B4602DAFBF70DF974
:1052900001E0FBF77CF904460E460022284BFBF7A1
:1052A000F9F903D84FF0FF30014607E00022254B03
:1052B00020463146FBF752F8FBF751FB102409E07A
:1052C000002C0ADB0A220023FAF7A2FF019B3032EE
:1052D0001A55641E50EA0102F2D1641C019AC4F10D
:1052E000110314440F9A012A03D0012208430DD15F
:1052F0000AE0084304D000204FF0110B0F9080E724
:10530000A3EB0B056D1E0DE05B4504DD4FF00002C5
:1053100005F1010504E003DA4FF00002A5F10105F3
:10532000002AECD000980F99C0E90231C0E900458D
:1053300086E70000000024400000F03F300000003D
:105340000000F0430000E03F30380A2801D201207D
:1053500070470020704700002DE9FF4F95B09B4635
:105360008946064600250FE2252877D100242746E6
:10537000F84A0121059400E0044316F8013F203B60
:1053800001FA03F01042F7D130782A2811D06FF0DB
:105390002F033078A0F13002092A16D8059A44F07C
:1053A000020402EB820203EB42021044761C0590D9
:1053B000EFE759F8042B0592002A03DA504244F42F
:1053C0000054059044F00204761C30782E2816D143
:1053D00016F8010F44F004042A280DD06FF02F02B4
:1053E0003078A0F13003092B09D807EB870302EBD3
:1053F0004303C718761CF3E759F8047B761C307812
:105400006C280FD006DC4C2817D068280DD06A28ED
:1054100014D104E0742810D07A280FD10DE044F4A0
:1054200000140AE044F4801401E044F4401472785B
:10543000824202D104F58014761C761C30786628EE
:105440000BD013DC582877D009DC002875D045280C
:10545000F6D04628F4D047281AD19DE118E06328F9
:1054600035D0642879D0652812D195E1702873D0A1
:1054700008DC6728F1D069286FD06E280DD06F281E
:1054800006D1B5E073282CD0752875D0782874D053
:105490005A46179990476D1C75E1C4F302500228D3
:1054A00009D003280DD0D9F8001004280DD00D60C4
:1054B00009F1040967E1D9F80010EA17C1E90052BF
:1054C000F6E7D9F800100D80F2E70D70F0E719F853
:1054D000041B8DF8001000208DF80100EA46012021
:1054E00003E059F804AB4FF0FF3061074FF00001C3
:1054F00002D40DE008F101018846B9420FDA804577
:10550000F8DB1AF808100029F4D108E008F10101CD
:1055100088468142FADB1AF808100029F6D105986E
:105520005B46A0EB080721463846179A00F094FA2C
:10553000284400EB080507E04DE029E10DE01AF8EA
:10554000010B5A4617999047B8F10108F7D25B460C
:1055500021463846179A13E142E00A220092C4F32A
:1055600002524FF0000A022A08D059F804CB032A4D
:105570004FEAEC710AD00DE029E02AE009F10701B9
:1055800021F00702F2E802C1914609E00FFA8CFC13
:105590004FEAEC71042A03D14FFA8CFC4FEAEC710C
:1055A000002907DA0A460021DCF1000C61EB020158
:1055B0002D2202E0220504D52B228DF804200122A1
:1055C00003E0E20701D02022F7E7904659E00A21E4
:1055D00002E010220DE010214FF0000A00910BE0D4
:1055E00010224FF0000A44F004040827009203E060
:1055F00008224FF0000A0092C4F30252022A05D09A
:1056000059F804CB0021032A08D009E009F1070169
:1056100021F00702F2E802C1914605E01FFA8CFC76
:10562000042A01D10CF0FF0C4FF00008220728D506
:10563000702806D0009B83F0100353EA0A0305D0BC
:105640000EE040228DF80420012208E05CEA01020D
:1056500006D030228DF804208DF8050002229046F5
:10566000009B83F0080353EA0A030AD15CEA0102B3
:1056700001D1620705D530228DF804204FF00108D2
:105680007F1E582804D034A003900EA802900DE08D
:1056900036A0F9E753466046009AFAF7B9FD84460A
:1056A0000398825C0298401E029002705CEA01003E
:1056B000F0D1029806A9081A00F1200A600702D565
:1056C00024F4803400E00127574502DDA7EB0A00EF
:1056D00000E0002000EB0A01009005984144401AC8
:1056E0000590E00306D45B462146179A059800F022
:1056F000B3F90544002706E001A85A46C05D179992
:1057000090476D1C7F1C4745F6DBE0030CD55B46DC
:105710002146179A059800F09FF9054404E03020CF
:105720005A46179990476D1C0099481E0090002911
:10573000F5DC08E0029802995A460078491C02916B
:10574000179990476D1CBAF10001AAF1010AF1DC2A
:1057500065E1000009280100303132333435363735
:1057600038396162636465660000000030313233AD
:10577000343536373839414243444546000000004D
:1057800000F058F90544761C307800287FF4ECAD21
:1057900019B02846BDE8F08F620700D4062709F14A
:1057A000070222F0070CFCE80223E14603F0004860
:1057B0005FEA080C02D00FF2702C0DE05FEA045C87
:1057C00002D50FF2682C07E05FEAC47C02D00FF22A
:1057D000602C01E0AFF2700C4FF0FF3823F0004373
:1057E000CDF850C065280CD006DC452809D04628E5
:1057F0001DD047283DD13DE0662818D067287ED1CE
:1058000038E00021112F01DB112000E0781CCDE9E8
:10581000000106A90EA8FFF7E5FCDDE90F010E9ACD
:1058200003910021009207F1010A04914DE04FF02D
:1058300000400097CDE9011006A90EA8FFF7D2FCA1
:10584000DDE90F0203920E9B11990022DDF80CA0F6
:105850000093049211B9791C00EB010AB7EB0A001E
:1058600004D4C0F1FF3007F1010A0490AAEB07004D
:10587000019044E0012F00DA01270021112F01DD02
:10588000112000E03846CDE9000106A90EA8FFF777
:10589000A9FCDDE90F010E9A039100210491009209
:1058A000BA4621070CD40399514500DA8A46BAF169
:1058B000010F05DD009AAAF10101515C302908D0E1
:1058C000B84202DA10F1040F06DA0121CDE9011025
:1058D00015E0AAF10101E9E7002805DC049901447B
:1058E0000491AAEB000102E0411C514500DD8A460B
:1058F0000499401A401C01904FF00040029020078C
:1059000004D40198504501DBCDF8048000208DF8C7
:105910004F0002980DF14F07B0F1004F25D02B201A
:105920000E9002984FF0020800280CDA40420290D4
:105930002D200E9007E00A210298FAF7DFFE3031A1
:10594000029007F8011DB8F10001A8F10108F2DC8E
:1059500002980028EFD1791E0E980870307800F078
:10596000200040F0450007F8020D12A8C01B00F10E
:1059700007081498007800B1012000EB0A01019893
:1059800001EBE07105984144401A401E0590E00388
:1059900006D45B462146179A059800F05DF8054449
:1059A0001498007818B15A46179990476D1CE00377
:1059B00024D55B462146179A059800F04DF805441A
:1059C0001CE00498002807DBDDE90301884203DDC1
:1059D0000098405C179901E0179930205A4690478B
:1059E000049805F10105401C04900198401E0190A7
:1059F00004D12E205A46179990476D1CBAF1000128
:105A0000AAF1010ADDDC05E017F8010B5A461799E7
:105A100090476D1CB8F10001A8F10108F4DC5B4669
:105A20002146179A0598ABE62D0000002B000000D8
:105A3000200000002DE9F041044600251E461746CF
:105A4000880404D405E039462020B0476D1C641E4C
:105A5000F9D52846BDE8F0812DE9F041044600253E
:105A60001E469046C80301D5302700E02027880451
:105A700004D505E041463846B0476D1C641EF9D593
:105A80002846BDE8F0814A68002A06D00A68531CFF
:105A90000B6010704868401E48607047401AB0F5AF
:105AA000004F02DDA0F58030704710F5004FFBDAA3
:105AB00000F5803070470000014890ED020A704701
:105AC000FC080020064991F82E203AB108B10A6B73
:105AD0000260002081F82E000120704700207047EE
:105AE000FC0800200249012081F8290070470000CD
:105AF000FC080020124900209FED120A088048602F
:105B000081ED020A81ED030A81ED040A4FEA0002E9
:105B100001EB8203521CD2B25861052AF8D301F876
:105B2000280F4870887088808871012288600A7305
:105B300048730549096848623C210348FDF73ABBB0
:105B4000FC080020000000002C030020044800682E
:105B5000416A04488185012180F82A1070470000BD
:105B60002C030020FC08002000B10120014981F82D
:105B700034007047FC0800202DE9F041474C2DED22
:105B8000028B94F82A009FED468A464F0025012695
:105B9000B0B1A08D2188FFF781FF6168084400F053
:105BA00091F8206384F82E6084F82A5084F83560D8
:105BB00094F8340020B138684562258065600DE0B6
:105BC00094F82900002838680ED045622580656069
:105BD00084F8295084F82E5084F8356084ED028AC8
:105BE000BDEC028BBDE8F081406A218885B2284671
:105BF000FFF754FF00F500712580B1F5806F00D9E3
:105C0000002094F82810052204EB8101234F4861FD
:105C100094F82810491CB1FBF2F302FB131184F82D
:105C2000281057F8141F01260A460B4657F826502D
:105C30002B44954200DA2A468D4200DD2946761C27
:105C4000F6B2052EF2D39A1A511A00EE101ADFEDB1
:105C5000160A6168B8EEC00A084420EE208A00F0F7
:105C600031F800EE100ADFED110A6060B8EEC00AEC
:105C70009FED101A20EE200A84ED020A9FED0C0A17
:105C800068EE000A94ED040A70EEC00A00EE810A84
:105C900084ED040A84ED030AA2E70000FC0800205A
:105CA000000000002C030020ABAAAA3EDB0F493BFA
:105CB0000060EA430AD7A33C014890ED030A70470D
:105CC000FC080020C11700EB51516FF30A01401A84
:105CD00001D500F5006070479FED1D1AF5EE000A32
:105CE00040EE010ABDEEE00AF5EEC00A10EE100A21
:105CF000F1EE10FA00D2401E00EE100AB8EEC00A13
:105D000030EEC00ADFED130A20EE200ABCEEC01A06
:105D100011EE100A80B2B0F5007F02D330EE600AB7
:105D2000002000EE900A0C49F7EE001AF8EE600A27
:105D300001EB800090ED011A70EE600A90ED000A10
:105D400071EEE01A21EE800A00EE810A7047000031
:105D500083F9223E00000044C0880008DFED1C0AE1
:105D600020EE200AFDEEC00AB5EEC00A10EE900A41
:105D7000F1EE10FA00D2401E00EE900AF8EEE00AB2
:105D800030EE600ADFED130A20EE200ABCEEC01AE6
:105D900011EE100A80B2B0F5007F02D330EE600A37
:105DA000002000EE900A0C49F7EE001AF8EE600AA7
:105DB00001EB800090ED011A70EE600A90ED000A90
:105DC00071EEE01A21EE800A00EE810A70470000B1
:105DD00083F9223E00000044C08800080449CA68D4
:105DE00092F84E300A780349097802F05DBC000051
:105DF0002C000020AC00002038B50446A0684169A2
:105E0000684688470028F9D138BD000070B50546BE
:105E10001148C468D4B19FED110A2046B0EE401A73
:105E2000F0EE400A01F04CFE002084F851002046BC
:105E300001F081FE2946204601F040FD072000F0D8
:105E400023F8BDE870401020FFF7C8BFBDE87040E0
:105E5000072000F019B800002C000020000000000E
:105E600007490969401AC82809D200EE900ADFEDF7
:105E7000051AB8EE601AC1EE210A20EE800A7047BA
:105E80002C0000200000484301494870087070470A
:105E90002C0000202DE9F041FF4C06462DED048B2F
:105EA00084B0607801F00EF80546DFEDFC8AFCA1B5
:105EB0003046B0EE688AFAF72FFA5FEA000877D02A
:105EC000F7A10020FAF728FA4FF000060700009625
:105ED0000BD0387848B169463846FFF749F9009940
:105EE000B94202D0B0EE408A0126EEA14046FAF750
:105EF00005FA00285DD0EDA14046FAF7FFF9002829
:105F00005AD0EBA14046FAF7F9F900285BD0E9A195
:105F10004046FAF7F3F9002866D0E7A14046FAF7C1
:105F2000EDF9002872D0E5A14046FAF7E7F900281C
:105F30006DD0E3A14046FAF7E1F9002868D0E1A16D
:105F40004046FAF7DBF9002872D0DFA14046FAF7A5
:105F5000D5F900286DD0DDA14046FAF7CFF9002829
:105F600068D0DBA14046FAF7C9F9002873D0D9A15F
:105F70004046FAF7C3F900286ED0D7A14046FAF799
:105F8000BDF9002869D0D5A14046FAF7B7F9002835
:105F90007ED0D3A14046FAF7B1F9002879D0D1A13B
:105FA0004046FAF7ABF9002874D04146CEA0B2E2E1
:105FB00020E16178D448AEE204B0BDEC048BBDE8CA
:105FC000F04100F0EDBA66B1BCEEC80A10EE100A5E
:105FD000C0B2022805D210EE100AC1B26170CBA087
:105FE00099E20121CCA096E2E6B1B5EEC08AF1EECD
:105FF00010FA17D0284601F01FFA50B195F84F005B
:1060000002F0FCF902466178C7A028E013E018E02E
:106010002CE095F84E0002F00DFA95F8722001463A
:10602000C6A01CE0284601F0B1FA6178CDA072E26A
:1060300060E071E084E0284601F022F86178CCA0AD
:1060400069E2284601F096FA95F84E0002F0F2F95E
:106050000246617802E08EE0E2E0F0E0C9A004B020
:10606000BDEC048BBDE8F04100F076BAFFB1CDA1E4
:106070003846FAF743F908B3CBA13846FAF73EF9A8
:1060800018B3CAA13846FAF739F928B3C8A102E013
:10609000E4E0F2E030E23846FAF730F918B304B041
:1060A000C4A0BDEC048BBDE8F04100F055BA95F8F2
:1060B0004F0002F0A3F90146C4A02CE200212846BB
:1060C00001F046FD6178C4A025E20121284601F0D7
:1060D0003FFD6178C4A01EE20221284601F038FD90
:1060E0006178C5A017E20321284601F031FD6178EF
:1060F000C5A010E2002E7DD0B0EE480A284601F07F
:1061000059FD18EE100AFAF7B1FA41EC100B61785C
:1061100053EC102BC0A0D9E1002E7CD0647814B9C8
:10612000C14880ED008A85ED218A18EE100AFAF741
:106130009DFA41EC100B214653EC102BBBA0C5E19E
:10614000002E68D0607810B9BC4880ED008A95EDCB
:10615000211AD5ED200AB0EE480A284601F0CAFC03
:1061600018EE100AFAF782FA41EC100B617853EC42
:10617000102BB3A0AAE1002E4DD0B5EEC08AF1EEEF
:1061800010FA48DD286890ED050ADFEDB10A85EDCB
:106190000A8AB0EE682A20EE209A95ED040AB0EE45
:1061A000681A05F1D80060EE080A95ED050AF0EED0
:1061B000491A20EE080A01F06CFD95ED040AB0EED4
:1061C000682AF0EE491A60EE080A95ED050AB0EE6D
:1061D000681A05F1F80020EE080A01F05AFDD5F81A
:1061E000DC00D835FAF742FA074688462868FAF7FD
:1061F0003DFA00E00FE005460E4618EE100AFAF7E9
:1062000035FA8DE8E00141EC100B617853EC102B6E
:1062100090A000F0A1F904B0BDEC048BBDE8F081C2
:10622000002EF8D085ED468A18EE100AFAF71EFA0D
:1062300041EC100B617853EC102B8EA046E1002E40
:10624000E9D085ED478A18EE100AFAF70FFA41EC0B
:10625000100B617853EC102B8AA037E1002EDAD0B6
:1062600085ED4E8A18EE100AFAF700FA41EC100B91
:10627000617853EC102B87A028E166B1B5EEC08A97
:10628000F1EE10FA07DD95ED080AB4EEC80AF1EE5A
:1062900010FA00DB06E120E14000002000000000D1
:1062A0002009000068656C700000000073000000A9
:1062B000610000006500000063000000660000004F
:1062C0006D000000740000007671000072706D00B7
:1062D0006362000076700000766900007070000054
:1062E0006C696D006C6F67006572723A20756E6B39
:1062F0006E6F776E20272573272C207472792068A3
:10630000656C700D0A0000000491000861786973E3
:10631000204D25750D0A00006572723A206120300B
:106320002E2E25750D0A00004D25752061726D65B4
:106330006420282573290D0A000000006572723A56
:106340002061726D2072656A65637465642C2073C8
:10635000746174653D2573206661756C743D2575A7
:106360000D0A00004D25752069646C650D0A00005A
:106370004D25752063616C69622073746172740DC0
:106380000A0000004D2575206661756C7420636CF1
:1063900065617265642C2073746174653D25730DAD
:1063A0000A000000766600006971000076656C00E6
:1063B000706F73006572723A206D2076667C697129
:1063C0007C76656C7C706F730D0A00006D6F646580
:1063D0003D25730D0A0000004D2575206D6F646525
:1063E0003D76660D0A0000004D2575206D6F6465D1
:1063F0003D69710D0A0000004D2575206D6F6465C3
:106400003D76656C0D0A00004D2575206D6F646545
:106410003D706F730D0A00004D257520743D252ECB
:1064200033660D0A00000000240000204D25752071
:1064300076713D252E33660D0A00000028000020ED
:106440004D25752072706D3D252E31660D0A0000B8
:106450003BCD133F4D25752063623D252E306620D0
:106460006B703D252E3466206B693D252E32660DFE
:106470000A0000004D25752076703D252E34660DEE
:106480000A0000004D25752076693D252E34660DE5
:106490000A0000004D25752070703D252E32660DD6
:1064A0000A00000085ED078A85ED178AB0EE480ADC
:1064B00005F58C7001F0FEFB18EE100AFAF7D6F81D
:1064C00041EC100B617853EC102B16A004B0BDEC1E
:1064D000048BBDE8F04100F03FB8286AFAF7C6F82F
:1064E00004B041EC100BBDEC048B53EC102B11A04D
:1064F000BDE8F04100F030B836B1B5EEC08AF1EE3B
:1065000010FA01D0012000E0002001F0ABFD01F005
:1065100017FD01460DA004B0BDEC048BBDE8F041B1
:1065200000F01AB84D2575206C696D3D252E326638
:10653000410D0A006572723A2030203C206C696D72
:10654000203C3D20252E31660D0A000074656C65E7
:106550006D3D25750D0A00000FB4C02170B505AB67
:106560000D48049AFEF76CFD041E12DDFBF7B0FD2A
:1065700005460A48FDF7C0F9202804D0FBF7A8FD1E
:10658000401B0528F5D3A2B2142303490348FDF7A5
:10659000F9FB70BC5DF814FBBC07002078030020F9
:1065A0002DE9F04F8DB00025284600F08BFC044605
:1065B000D0F8BC004C34FAF759F806460F46E06CA8
:1065C000FAF754F8CDE90001206DFAF74FF894ED91
:1065D0000C0A82468B4610EE100AFAF747F88046FE
:1065E0008946E07801F00AFF0B90A0784C3C01F05E
:1065F00021FF024615484078854201D114A300E0EE
:10660000154B14F8720FA178CDE908100A93CDE963
:106610000667DDE90001CDE904018DE8000F294698
:106620000E480B9BFFF798FF6D1CEDB2022DBBD3FC
:1066300001F086FC044600F00BFD0DB02246BDE8DB
:10664000F04F014606A0FFF787BF00004000002082
:1066500020203C2D0000000060840008D892000833
:1066600063616C69625F73746174653D2575207444
:10667000656C656D3D25750D0A000000F0B55D483F
:1066800089B0006841685C4A114041605B4C94F8F5
:10669000490000281ED1206A401C206200F0F2FA56
:1066A0005748C17889B1817879B14FF0A04211681B
:1066B000C1F3801159B14021116011684FF480631A
:1066C000C1F380254F4955B905E00D2000E00E20AB
:1066D00000F02CF98BE00D68C5F380251DB1136027
:1066E0000B600F20F4E7D2F88010D2F8802189B235
:1066F00092B2E18022810025857084F84D5094F893
:106700004860012E23D094F84850022D40D00379E0
:10671000002B6CD0A38807AF06AE05AD0DF1040CBD
:106720008CE8E800638800932388407800F03AFA08
:106730009DED050A012084ED030A9DED060A84ED16
:10674000040A9DED070A84ED050A09B0F0BD4678FC
:106750000EB11020BCE7C6680E44C66001690A4449
:1067600002618169491C8161A16199423FD3B10AEB
:106770002180910A618002218561017084F84810AE
:106780000A2184F84A10A561007884F84C002EE0B4
:106790004278022A01D011209AE742690A444261F4
:1067A0008169491C8161A161994220D3910AA1802C
:1067B00021884FF40062914210D323884FF4406146
:1067C0008B420BD86388934208D363888B4205D8E9
:1067D000A388934202D3A2888A4201D9142077E782
:1067E00001210171032004F8480F0B20A070002044
:1067F000ABE70000E00200208FFFFFFD340900201E
:1068000090000020000100502DE9F0411A4C06468E
:10681000E07800282ED019480068416C21F400412E
:1068200041640021E16021616161A16121708020EA
:10683000A060134D012085F84800092085F84A0022
:10684000A961207885F84C00FBF742FC074608E078
:10685000FBF73EFCC01BB04203D30C2000F066F8EF
:1068600007E095F848000128F2D095F84800022882
:10687000EED02079BDE8F08190000020E0020020F9
:10688000340900202DE9F041254E264C354604E020
:10689000876827407F1C87606D1E076817F0010F0F
:1068A0000BD065B18168214041F0080181608168A9
:1068B000214041F02001816004E0002DE8D108462C
:1068C0001CE0761E8168C1F3401111B1002EF8D191
:1068D00019E0C6B1C16C21F4C07141F08001C164FE
:1068E0008168214041F008018160C1680E4A114071
:1068F00041F40011C160C16C39B1184600F016F8BE
:106900000020BDE8F0811046F8E7016B21F00F018F
:10691000016381682140091D81600120F1E70000C9
:10692000A0860100C0FFFF7FFFFFDF7F10B50D4C89
:1069300094F8491019B984F8490000F0A3F90A49FC
:106940000020087184F8480008490868002808D029
:10695000426C22F40042426408684168044A1140D3
:10696000416010BD3409002090000020E0020020AA
:106970008FFFFFFD084B18B193ED030A80ED000A6D
:1069800019B193ED040A81ED000A002A03D093EDBA
:10699000050A82ED000A7047340900202DE9F04114
:1069A00050214148F9F79FFC404D00202870687045
:1069B0008021A960A870E87028713B4C84F84800D9
:1069C00084F8490084F84A00687884F84B002878F5
:1069D00084F84C00012684F84A603548FBF7D4FC63
:1069E00008B1012027E0022084F84A003148FBF773
:1069F000CBFC08B102201EE0032084F84A002E4898
:106A0000FBF7C2FC08B1032015E00120FBF700FAF8
:106A1000042084F84A007F212848FAF77FFA08B159
:106A2000042008E0052084F84A007F212448FAF772
:106A300075FA28B10520FFF779FF0020BDE8F08145
:106A4000062084F84A0001464FF0A0480A23082295
:106A50004046FFF717FF0028F0D0072084F84A00CF
:106A6000184F01460B2309223846FFF70BFF002879
:106A7000E4D04021C8F8001039600901C8F80010BE
:106A80003960786840F0400078600F4800684168DD
:106A90000E4A11404160EE70082084F84A0000F070
:106AA000F1F80120CAE7000034090020900000201E
:106AB0002C02002068020020A402002054010020C3
:106AC000C001002000010050E00200208FFFFFFD08
:106AD0000148007970470000900000204FF4785280
:106AE00002EA402001F4C0710843704730B42A4DD7
:106AF00085F84E30294C2379002B4BD00023884257
:106B000001D191420AD0884203D3904201D302239B
:106B100004E0814202D3914200D301232370237801
:106B200085F84C300B46814201D903460846824223
:106B300002D90346104602E09A4200D913464FF4A8
:106B4000A65290421FD893421DD88021A160C0F563
:106B5000A651B1F5957F01D9501E18E0C31AB3EBC9
:106B6000410F03D929280ED9293809E000F595707D
:106B7000904205D34FF48071A16042F67F11081A4C
:106B800008B1904203D330BC1520FFF7CFBE0449B3
:106B90000968086430BC7047340900209000002068
:106BA000E002002070B5DFED350ADDE90754069EEE
:106BB000DDED052A9DED042ADFED311AB0EE601AF5
:106BC000B0EE600A20B101281DD002284ED135E078
:106BD00000EE103AF8EE400A00EE101AB8EE400A45
:106BE00030EEC00AF8EE420A20EE211A00EE102A1A
:106BF000B8EE400A30EEC00A60EE210A31EE200AFB
:106C0000B1EE400A32E000EE103AF8EE400A00EE33
:106C1000101AB8EE400A30EEC00AF8EE620A20EE12
:106C2000211A00EE102AB8EE400A30EEC00A20EE1B
:106C3000210A71EE000AF1EE600A17E000EE101A68
:106C4000F8EE620AB8EE421AB8EE400A30EEC00A18
:106C500000EE902AF8EE600A20EE210A71EE600A3A
:106C600060EEA10A30EE801AB1EE411A86ED001AEC
:106C7000C5ED000A84ED000A70BD000000000000B0
:106C8000A776F13C4FF0A0410A6810488262D1F823
:106C90000021C262CA6C0263D1F84C2142638A6847
:106CA0008263D1F80811C163094909684A6A02641C
:106CB0000968416407494A7880F84B200A7880F8CF
:106CC0004C20897880F84D1070470000340900206E
:106CD000E0020020900000202DE9F041DFF8E48080
:106CE000D8F800004168384A11404160374D95F8A6
:106CF000490000285ED1E869401CE861FFF7C2FF47
:106D0000334CE078002855D0207938B995F8480000
:106D1000012803D095F8480002284BD1A0784FF005
:106D2000A0460028F06C0CD010B9D6F84C0108B180
:106D3000122014E0686A401C6862BDE8F041FFF769
:106D4000A1BF0028F4D1D6F84C010028F0D1217859
:106D5000204841B1012908D002292DD01320BDE8D7
:106D6000F041FFF7E3BD032227E003220168122769
:106D700041F480710160A1681046FFF7AFFEF06436
:106D8000A1683846FFF7AAFEC6F84C01207860706B
:106D90000120A070617805F84B1F21786970A870F8
:106DA0008020A060D8F80000416821F0007141F017
:106DB00070014160BDE8F0810C220168032721F4D5
:106DC0008071D7E7E00200208FFFFFFD340900202B
:106DD0009000002008030140014890F84E007047E1
:106DE000CC04002030B5264810242DED028B83B052
:106DF000A0F11C01CDE900109FED228A224B234A0D
:106E0000B0EE480A02942249224800F075FD1C4861
:106E100000233C30A0F11C01CDE90010B0EE480A7F
:106E20001A4602941C491D4800F066FDFEF762FEFA
:106E3000FFF7B4FD174C1A4D38B100F0ADF84FF420
:106E4000FA70FFF7E1FC58B10EE00121114800F0A3
:106E500035FD94F84E00287003B0BDEC028B30BDB8
:106E600001210C4800F02AFD94F84E00287000F033
:106E70009BFA03B0BDEC028BBDE8304001F066B870
:106E8000108800086F1283388C88000884880008F6
:106E90006C880008CC040020A88800084406002064
:106EA0002000002010B5054800F09CFB044800F0CD
:106EB00099FBBDE8104001F04FB80000CC04002061
:106EC00044060020022800D30020C0EB001101EB93
:106ED0004010024901EBC00070470000CC040020C4
:106EE00010B5124C94F84E0078B101281DD12046FF
:106EF00000F04CFB94F84E300D4802780D480178B4
:106F0000BDE81040112001F0CFBB94F84F0010B144
:106F100094F8740020B12046BDE8104000F08CBA0F
:106F20002046BDE8104000F0ABB810BDCC040020F6
:106F30002C000020AC00002070B5144C00F000F9CB
:106F400000F03CFA94F84E00012806D1FFF7C0FD8E
:106F500018B90121204600F0B1FC00F07FF80C4D7B
:106F600078B994F84E0001280BD194F84F0040B93D
:106F700095ED011ADFED070A95ED020A204600F0B3
:106F8000B9FD94F84E00287070BD0000CC040020BC
:106F9000200000200000000010B5FFF71DFF034691
:106FA000284802780021022001F07EFB264C206850
:106FB000416C21F40041416401F04EF9206841F236
:106FC000BF4101642068026A41F211131A4207D1DD
:106FD000026A9B001A4203D1026822F00102026099
:106FE0002068C26822F00102C2602068026822F0B4
:106FF000100202602068416221686FF001000861A0
:107000002068C16841F00101C1600C210E48FCF705
:1070100003FB08B1F9F77CFF2068416C21F40041C3
:1070200041642068416C41F4406141642068016A18
:1070300040F2555211430162044900204870087023
:1070400010BD00002C000020E0020020AC00002059
:1070500001484078704700002C0000200748407825
:10706000012809D0022807D0032805D0042803D01E
:10707000052801D000207047012070472C00002017
:1070800070B504002DED028B53D094F84E0000280B
:107090004FD1294DA068E0B34069D0B36068C8B350
:1070A00000688047B0B30020EC6084F87400FF20D3
:1070B00084F875009FED218A204684ED1E8AFEF734
:1070C0009BFEA068016901208847F0EE080AB7EE30
:1070D000080A204600F02AFDFAF7FAFF286101208D
:1070E000FEF7D2FEB0EE481AF0EE480AB0EE480ABB
:1070F000204600F0E5FC012084F85100022084F8CD
:107100004E000A20FEF76AFE20688068BDEC028B04
:1071100001E003E005E0BDE8704000470520EC60B9
:1071200001E00120EC60BDEC028BBDE87040FEF791
:107130006DBEBDEC028B70BD2C0000200000000075
:10714000F0B57F4D2DED028B81B0EC68FAF7C0FFF2
:107150000646002C3ED0FFF781FF00283AD0606839
:107160000068804770B194F84E00002703280BD0C8
:1071700068789FED748A06287ED2DFE800F0DF0F82
:107180002F4364890120D6E0204600F0D4FC84F827
:1071900051700720FEF778FE102051E02869301A60
:1071A0000A2817D3206840688047B0EE480A204676
:1071B000B0EE401AF0EE400A00F082FC84F8517004
:1071C00002202E61FEF760FE0B20FEF707FE20680E
:1071D0000068804701B0BDEC028BF0BDB0EE480AFC
:1071E0002046B0EE401AF0EE400A00F069FC286933
:1071F000301AB0F5FA7FEDD303202E61FEF744FE7E
:107200000C201DE095ED010A3046FEF729FEF0EE58
:10721000400AB0EE480A2046B0EE401A00F050FC9A
:107220002869301AB0F5487FD4D32046FEF7E4FD34
:10723000A068C068804704202E61FEF725FE0D205F
:10724000FEF7CCFDC6E7B0EE480AD5ED010AB0EE78
:10725000401A204600F034FC2869301A1428B9D3AB
:107260002046FEF7C9FDA068016901208847F0EEBD
:10727000480AB0EE601A00E060E0B3EE040A20466F
:1072800000F038FC05202E61FEF7FEFD0E20D7E74A
:1072900095ED020A3046FEF7E3FDB0EE401AF0EE3F
:1072A000480AB3EE040A204600F024FCA0684169B5
:1072B00068468847B8B39DED000AA068B8EEC00ADA
:1072C000D0ED060A20EE800A00F0EAFE94F975007F
:1072D00094ED031A00EE900AF8EEE00A60EE810ADF
:1072E00020EE800A00F0DCFE84ED1E0AB0EE480AB3
:1072F000012084F87400B0EE401AF0EE400A2046F7
:1073000000F0DEFB0121204600F01EFC204600F0CC
:1073100012FC20684068804784F84E700620FEF713
:10732000B3FD0F208CE7FFE7286942F21071301A95
:10733000884287D30420FEF769FD4BE70520FAE772
:107340002C00002000000000B4EEE00AF1EE10FA7C
:1073500002D2B0EE600A7047B4EEC10AF1EE10FA44
:10736000F9DDB0EE410A7047B4EEE00AF1EE10FA32
:1073700002D2B0EE600A7047B4EEC10AF1EE10FA24
:10738000F9DDB0EE410A7047B4EEE00AF1EE10FA12
:1073900002D2B0EE600A7047B4EEC10AF1EE10FA04
:1073A000F9DDB0EE410A7047402202490248FCF77D
:1073B000DBB900007C080020780300200948017830
:1073C00000290DD042880021402A01D2428800E0E5
:1073D0003F22054B9954418001701846FEF75ABD73
:1073E0007047000040000020BC08002080ED000A2B
:1073F0009FED020A80ED010A7047000000000000C6
:10740000B0EE401A90ED000AB5EEC00AF1EE10FAA7
:1074100004D880ED011AB0EE410A704730EE200A20
:10742000C0EE801A90ED010A71EE400A01EEA00A4A
:1074300080ED010A7047000010B5044690F84E0038
:1074400008B1002010BD94F84F0058B194F87400B2
:1074500018B194F85000012804D00621204600F00D
:107460002DFAEEE704F1D80000F018FC04F1F80062
:1074700000F014FC04F58C7000F010FC04F59C7016
:1074800000F00CFC9FED0D0A002084ED220A84ED33
:10749000230AA4F87401A4F8700094F84F0003289C
:1074A00003D194ED260A84ED1F0A012084F84E00D2
:1074B000206800688047012010BD00000000000027
:1074C00010B590ED291AD0ED2A1AD0ED2B0AB0EEA6
:1074D000C10AB0EEE12A90ED173AD0ED182AB4EEC9
:1074E000C02AF1EE10FA01DDB0EE420AB0EEE02A59
:1074F000B4EEC02AF1EE10FA01DDB0EE420A80EDE2
:10750000150A90ED162AB4EEC02AF1EE10FA01D257
:1075100080ED160AB4EEE20AF1EE10FA01DD012167
:1075200000E00021B4EEC30AF1EE10FA09DDB0F874
:1075300070204FF6FF739A4206D2B0F87020521CAA
:1075400000E00022A0F8702029B9B0F870100829D6
:1075500001D2012010BD80ED191AC0ED1A1AC0ED3C
:107560001B0A90F84E10022900D0032100F0A6F962
:10757000002010BD90F84E10032906D1002180F89C
:107580007210A0F8701080F84E10704710B50446C5
:1075900090F84E0003280FD02068406880479FED88
:1075A000070A002084ED300A84ED310A84ED200AB8
:1075B00084ED210A84F84E0010BD00000000000098
:1075C00090F97510D0ED030A00EE101A90ED251A0F
:1075D000B8EEC00A60EE200A90ED1E0A00EE810AA5
:1075E00000F048BD70B504462DED048B82B0806874
:1075F00060B300688047A06840688047B0EE408A6A
:1076000094ED250A38EE400ADFEDA78AF0EE680A0D
:10761000FDF738FD10EE100AA449884202DB30EE77
:10762000680A06E010EE100AA149884201D930EE3E
:10763000280AD4ED260A30EE200A84ED260A84EDCD
:10764000258AA0688068804784ED270A94F84E5008
:107650000026012D07D0022D05D0A4F8706002B0DD
:10766000BDEC048B70BD606850B104F1AC02111F19
:107670004368081F98472046FFF722FF0028EED0F6
:1076800094F851000028EAD1022D7CD094F85000E3
:10769000002878D094F87400002874D02046FFF7B2
:1076A0008FFF00BF84ED240AFEF758FBF0EE408AFE
:1076B00094ED240AFEF710FBD4ED290AB0EE408ABF
:1076C00094ED2A1AF0EE001AB0EE600A01EE210ADB
:1076D000DFED789A04F5B07020EE291A20EE880AC2
:1076E00001EE280A21EE081A00EEE81A84ED2C0AB1
:1076F00084ED2D1AD4ED120AFFF782FE84ED2E0AD6
:10770000D4ED120A94ED2D0A04F5B470FFF778FE5B
:1077100084ED2F0AB4F87401401C80B2A4F87401FF
:10772000B4F84C10884204D3A4F87461204600F0E9
:1077300045FA022D7ED094F84F0000287AD094EDBF
:107740002C0AD4ED120A04F1D800B1EE400A00F080
:10775000B5FAB0EE409A94ED230AD4ED2D0A04F167
:10776000F80030EE600AD4ED120A00F0A7FA94F89F
:107770004400B8B1D4ED270A9FED4F1A60EE810A9C
:1077800094ED031A00E07EE060EE810A94ED051AA4
:1077900061EE200A94ED2D1A00EEC19A94ED2C1A98
:1077A00000EE810A84ED309A84ED310A206894ED70
:1077B000300AD0ED050A20EEA99A60EEE90AB0EE93
:1077C000491AFFF7E1FDF0EE409A29EE090A94ED1F
:1077D000319A09EEE90A69EE090AF4EEC00AF1EEFF
:1077E00010FA0BDDFDF7A6FCB0EE401AB0EE490A28
:1077F000F1EE410AFFF7C8FDB0EE409A29EE880A83
:10780000C4ED309A84ED319A04F1C80109EE680A9A
:107810008DED000A29EEA80A09EE080A8DED010A8D
:10782000206890ED050A684600F0B0FAD4ED340AFD
:10783000256800E030E0288A94F8D43000EE100A81
:10784000B8EE400A20EE800AD4ED330ABCEEC00A3E
:1078500010EE102A00EE100AB8EE400A20EE800A60
:10786000D4ED320AEC68BCEEC00A10EE101A00EE3D
:10787000100AB8EE400A20EE800ABCEEC00A10EEF4
:10788000100AA047EBE694ED240AD4ED5C0A30EE32
:10789000200A00F0EFFB05E704F18000D0E90010BA
:1078A000C4E9301082E70000DB0FC940DB0F49401C
:1078B000DB0F49C03ACD133F5077D63D70B5044633
:1078C00000680D46406880479FED0A0A032084ED5A
:1078D000300A84ED310A84ED200A84ED210A84F80F
:1078E0004E00002D05D094F87200002801D184F8D4
:1078F000725070BD000000002DE9F04104462DEDEE
:10790000048B0F46B0EE408ADDE90A65DDF8308071
:1079100040F80C1BC4E901231C223146F8F7CAFCCD
:107920002022294604F12800F8F7C4FC84ED128ACD
:10793000B8F1000000D10120A4F84C00002084F828
:107940004E0084F84F0084F8500084F8510084F809
:107950007400012184F875109FED568AB6EE000A76
:1079600084ED1E8A84ED1F8A84ED208A84ED218AAD
:1079700084ED228A84ED238A84ED248A84ED258A8D
:1079800084ED268A84ED278A84ED288A84ED2B8A6B
:1079900084ED2A8A84ED298A84ED2D8A84ED2C8A4F
:1079A00084ED2F8A84ED2E8A84ED318A84ED308A2D
:1079B00084ED340A84ED330A84ED320A84F8D4006D
:1079C00084ED5C8AA4F8740184ED158A84ED168A2E
:1079D00096ED040A84ED170A96ED050A84ED180A5F
:1079E00084ED198A84ED1A8A84ED1B8AA4F870004C
:1079F00084F8720097ED050ADFED2F0AB0EE482AF1
:107A0000B0EE481A60EE209AD6ED020A95ED000A13
:107A100004F1D800F0EE691A20EE809AD6ED010A42
:107A200060EE808AB0EE490AF0EE680A00F031F9A3
:107A3000B0EE482AF0EE691AB0EE481AF0EE680A85
:107A4000B0EE490A04F1F80000F023F9D6ED041A6B
:107A5000D5ED020A95ED010AB0EE482AB0EE481ABB
:107A600004F58C7000F015F9D5ED061A95ED050AB0
:107A7000B0EE482AB0EE481AF0EE480A04F59C70C1
:107A800000F007F995ED040A04F5AC70FFF7AEFCC1
:107A90009FED0A8A04F5B070B0EE480AFFF7A6FC25
:107AA000B0EE480ABDEC048B04F5B470BDE8F041BB
:107AB000FFF79CBC000000003ACD133F6F12033B60
:107AC00010B504462DED028BB0EE418AF0EE608ACF
:107AD00000F0D0FA84ED240A9FED050A84ED5C0ADB
:107AE000C4ED208A84ED218ABDEC028B10BD00001C
:107AF000000000009FED0B2AC0EE021A9FED0A0A5B
:107B000021EE800AD0ED031A20EE210AD0ED121AE0
:107B100020EE210A80ED5C0AC0ED200A80ED211ADA
:107B20007047000000007042DB0FC94080ED170A6B
:107B3000C0ED180A704790ED070A80ED170A90ED26
:107B4000080A80ED180A704780F85010704700004E
:107B500070B504462DED028B0D4690F84F00A842FB
:107B60001DD084F84F509FED128A04F58C7084ED7F
:107B70001F8A00F093F804F59C7000F08FF884EDF4
:107B8000228A84ED238A032D0CD0002D07D000BF5C
:107B900094F87400002802D0012084F85000BDEC55
:107BA000028B70BD94ED260A84ED1F0AF0E70000F9
:107BB0000000000080ED1F0A7047000070B5044609
:107BC0002DED028BD0ED120AB0F84C0000EE100A39
:107BD00004F5AC70B8EE400A20EE808A94ED270AD6
:107BE000F0EE480AFFF70CFC84ED280A94F84F10D9
:107BF00001294BD004F58C75022902D0032929D123
:107C000035E0D4ED0D0A94ED1F0AF5EEC00AF1EE51
:107C100010FA09DD60EE880AD4ED221A31EEA01ABE
:107C200071EEE00AFFF7B0FB84ED220A94ED091A29
:107C3000F1EE410AFFF7A8FB84ED220AD4ED280AF1
:107C4000284630EE600AF0EE480A00F037F800BF30
:107C500084ED230A94ED071A94ED230AF1EE410A0C
:107C6000FFF792FB84ED230ABDEC028B70BD94ED0F
:107C70001F0AD4ED260A04F59C7030EE600AF0EE7F
:107C8000480A00F01BF894ED101AD1E794ED1F0A92
:107C9000DEE780EC050A00F001B800009FED040A61
:107CA00080ED050A80ED060A80ED070A70470000A6
:107CB0000000000080ED030A7047000010B5044684
:107CC0002DED048BF0EE408AB0EE609A90ED000A44
:107CD000F6EE000A90ED058A60EE289A90ED010A12
:107CE00090ED031A20EE090AB5EEC01A20EE200A24
:107CF000D0ED060A70EEA80A00EE208AF1EE10FA26
:107D000007DDF1EE410AB0EE480AFFF71DFBB0EEC9
:107D1000408AD4ED020A9FED1C0AF5EEC00AF1EE8E
:107D200010FA07D094ED060A38EEC00A60EE800A19
:107D300080EE890A79EE880A94ED031AB5EEC01A2E
:107D400030EE800AF1EE10FA03DDF1EE410AFFF7A2
:107D5000FBFAD4ED040AF5EEC00AF1EE10FA09DDE3
:107D600060EE890AD4ED071A31EEA01A71EEE00A2E
:107D7000FFF7EAFA84ED058AC4ED068A84ED070A66
:107D8000BDEC048B10BD00000000000070B50C4677
:107D90002DED068BB0EE408A054600F08BF820737F
:107DA000D5ED001ABEEE003A95ED010A61EE830AA8
:107DB0009FED3E1A20EE010A30EE801A30EEC02A06
:107DC000F0EE610AF4EEC10AB0EE419AF0EE428A9A
:107DD000F1EE10FA01DCF0EE410AB0EE420AB4EE28
:107DE000E00AF1EE10FA01DDF0EE420AF0EE602A50
:107DF000F0EE610AF4EEC10AF1EE10FA01D3F0EEF2
:107E0000410AB0EE420AB4EEE00AF1EE10FA01D2F5
:107E1000F0EE420A72EEE03AF4EEC83AF1EE10FAF1
:107E20000BDD88EE230A61EE801A21EE009A62EEE5
:107E3000008A62EE802A60EE800ADFED1DAAB7EEAE
:107E4000001A32EEA00A60EE039AB7EE000A80EE46
:107E500008AA71EEA90AB6EE008AB0EE480A00EE52
:107E60008A0AF0EE6A0AFFF77FFA79EE290A84EDB2
:107E7000000AB0EE480AB7EE001A00EE8A0AF0EEE9
:107E80006A0AFFF771FA78EEA90A84ED010AB0EEEA
:107E9000480AB7EE001A00EE8A0AF0EE6A0AFFF707
:107EA00063FA84ED020ABDEC068B70BDD7B35D3F6B
:107EB0000000000090ED010AD0ED001A9FED1E1A9F
:107EC000F0EE400A9FED1D2A51EE810AB0EE401AF5
:107ED000B5EEC00A11EE821AF1EE10FA01DD0120B2
:107EE00000E00020F5EEC00AF1EE10FA01DD0121FC
:107EF00000E00021B5EEC01A40EA4101F1EE10FAAF
:107F000001DD012000E0002041EA8000072811D2B5
:107F1000DFE800F010060E040A080C00012070478C
:107F200002207047032070470420704705207047E7
:107F30000620704700207047D7B3DD3FD7B3DDBFC1
:107F400001480078704700004800002001490020E7
:107F5000488070474800002070B53E483C4C01788E
:107F6000002973D04188491C89B2418010296DD302
:107F7000002141803848FBF7BFFC202866D1354DF1
:107F800094ED240A2D1D85ED000A94ED250A85ED5A
:107F9000010A94ED270A85ED020A94ED220A85ED87
:107FA000030A94ED2E0A85ED040A94ED2F0A85ED5F
:107FB000050A94ED230A85ED060A94ED300A85ED55
:107FC000070A94ED310A85ED080A94ED290A85ED3A
:107FD000090A94ED2A0A85ED0A0A94ED2B0A85ED2B
:107FE0000B0AFFF735F800EE100A94F84E00B8EED1
:107FF000400A00EE900AB2EE041A1848F8EE600A41
:1080000000EE810A85ED0C0A90F8490000EE100A96
:1080100094F87200B8EE400A00EE900A9FED101A34
:108020002046F8EE600A2946442200EE810A85EDDA
:108030000D0A94ED260A85ED0E0A90ED820A064897
:1080400085ED0F0ABDE87040FBF7F4BE70BD00007F
:10805000CC040020480000207803002034090020D0
:108060000000C84200B101200149087070470000BB
:108070004800002010B52DED028B9FED088AF0EE30
:10808000480AFCF7FFFFB5EEC00AF1EE10FA01D284
:1080900030EE080ABDEC028B10BD0000DB0FC940BA
:1080A00010B52DED028B9FED088AF0EE480AFCF723
:1080B000E9FFB5EEC00AF1EE10FA01D230EE080A7F
:1080C000BDEC028B10BD0000DB0FC94013B54FF6AD
:1080D000FF73012269460248FBF754FE00981CBD5D
:1080E0007803002010B5FEF7F3FC00281FD0FEF740
:1080F00073FE03460E4802780121042000F0D4FAF2
:108100000C4C2068416C21F40041416400F084F87B
:108110002068016A40F25552114301622068416CA7
:1081200041F400414164044901204870087010BDC9
:108130002C000020E0020020AC00002010B5FEF76B
:108140004BFE034609480278094C2178032000F0D1
:10815000ABFA08480068416C21F4004141640020FA
:1081600060702070BDE8104000F076B82C00002050
:10817000AC000020E002002010B5FEF7A9FC0028AA
:1081800020D0FEF729FE03460F4802780221052081
:1081900000F08AFA0D4C2068416C21F400414164E2
:1081A00000F05AF82068016A40F25552114301620A
:1081B0002068416C41F4004141640548012141704F
:1081C0000221017010BD00002C000020E002002000
:1081D000AC00002070B506464FF4A65014460D467C
:1081E000864203D8854201D8844203D9BDE8704055
:1081F000FFF7A4BF3046FEF779FCFEF769FC0028C4
:1082000006D0044801684E630168CC63006885634A
:1082100070BD0000E00200200E4801688B6940F646
:10822000080293438B610168CB6923F00803CB619B
:10823000036800215963036899630368D96301687F
:108240008B6913438B610068C16941F00801C1610A
:1082500070470000E00200200E4801688B6940F67C
:10826000080293438B610168CB6923F00803CB615B
:1082700003684FF426615963036899630368D963FF
:1082800001688B6913438B610068C16941F0080183
:10829000C1617047E0020020704770477047704727
:1082A00008B500F029F92F4C54F8940F40F4000061
:1082B00044F84C09F9F71AFF00231A461946012021
:1082C00000F0F2F9FCF788F8FBF7E4FE206840F0D4
:1082D00004002060206800F004000090206840F056
:1082E000010020602068002200F0010000900521BC
:1082F0000B20F9F753FF0B20F9F742FF002205216D
:108300000C20F9F74BFF0C20F9F73AFFFBF716FEAC
:10831000FBF76EFEFBF716FFFBF730FFFBF74AFF9C
:10832000FBF766FFFCF720F8FBF7E8FFFEF75AFDC6
:108330000020FEF7C7FD90F84E100B48032908D027
:1083400083884288018809A0FCF76AFE022110A0F8
:1083500002E090F849101EA0FCF762FEFEF7ECFD6B
:10836000FCE70000001002403409002043757272DF
:10837000656E74206F66667365747320552F562F73
:10838000573A2025752C2025752C2025750D0A00BF
:10839000464F432072656164792C202575206178F1
:1083A00069732E205072657373204B455920746F8A
:1083B0002072756E2C206F7220747970652027688A
:1083C000656C702720686572652E0D0A000000003C
:1083D00043757272656E742073656E73696E672083
:1083E0006E6F742072656164792C207368756E7489
:1083F000206661756C743D25750D0A0038B1012841
:1084000007D0022807D0032807D00548704705A0E9
:10841000704705A0704705A0704705A07047000091
:1084200058840008766600006971000076656C006B
:10843000706F730038B1012807D0022807D00328D5
:1084400007D005A0704705A0704706A0704706A09A
:10845000704707A0704700003F00000049444C45AA
:108460000000000052554E0043414C4942000000BC
:108470004641554C540000001B4948601B480068A9
:1084800088601A48001D0068C860184808300068F5
:108490000861164814300068486114480C300068C0
:1084A0008861124810300068C8611048243800689C
:1084B00008620F48D0F894204A62006E000512D579
:1084C0000C4802688A620B4A243A1268CA62094A56
:1084D000203A12680A63074A443A12684A630168FC
:1084E00021F4004101607047BC00002028ED00E04D
:1084F00000100240442C01402DE9F8436249D1F8B4
:1085000094206248026051F8582F42F0805241F89E
:1085100040290A6C02F0805200920A6C42F4806298
:108520000A64096C01F48061009159490A6842F4B7
:1085300080720A600968574901230B70564909681F
:10854000554CDFF858C12C34221D161D371D3D1D1A
:10855000614508D0006820601360002030603860FA
:108560002860BDE8F8834C49091D09688363C1632D
:10857000DFF824C10CF1080CDCF800C0C0F840C0E2
:10858000DFF814C10CF10C0CDCF800C0C0F844C0DA
:10859000DFF804C10CF1100CDCF800C0C0F848C0D2
:1085A000DFF8F4C00CF1140CDCF800C0C0F84CC0CB
:1085B000DFF8E4C00CF1180CDCF800C0C0F850C0C3
:1085C000DFF8D4C00CF11C0CDCF800C0C0F854C0BB
:1085D000DFF8C4C00CF1200CDCF800C0C0F858C0B3
:1085E000DFF8B4C00CF1240CDCF800C0C0F85CC0AB
:1085F000DFF8A4C00CF1280CDCF800C0C0F860C0A3
:10860000D4F800C0C0F864C0D2F800C0C0F868C098
:1086100001F0FF0CC0F86CC0C1F3072CC0F870C0AB
:10862000C1F3074CC0F874C04FEA116CC0F878C0B1
:10863000D6F800C0DFF86880DFF86890C44504D140
:10864000396001682960C6F8009036684E4514D13B
:108650003968C367C0F880102B68C0F88430CBB28B
:10866000C0F88830C1F30723C0F88C30C1F307434A
:10867000C0F89030090EC0F89410006820601068AF
:10868000401C10606DE7000000100240BC0000209C
:1086900000700040000000200025004033434F469A
:1086A000444E4550485352432DE9F04704463B4859
:1086B0001546007800286ED0C9B2204661F31F200D
:1086C000E9B240EA0140374A354940EA03601160A7
:1086D000111D0860081D0168491C0160F9F7F8FCCC
:1086E00030490C3108603048006E5FEA005801F1F3
:1086F000040000F1040202F1040303F1040606F190
:10870000040707F1040C0CF104094FF0000120D517
:10871000DFF89880D8F80080C0F80080234824381B
:108720000068106021481038006818601F480C3835
:10873000006830601D480838006838601B482038E1
:108740000068CCF80000194844380268C9F80020D5
:1087500008E001601160196031603960CCF80010E8
:10876000C9F800100F4B3433181D021D0A2C0AD013
:10877000052C06D00F2C09D0102C07D0112C05D0B9
:1087800007E0022D05D00A4C1C6000E01960016072
:108790001160BFF34F8FBDE8F0870000000000209C
:1087A00033434F460025004000100240442C014056
:1087B000444E4550010002000400060008000A0073
:1087C0000C001000200040008000000101010103A6
:1087D0000701000008040204080101010000000074
:1087E0000000000001020304060708090000000061
:1087F000010203040000C040CDCCCC3DACC5A7377E
:108800006666663F6666A6400000D0400088424625
:1088100000007A440AD7A33B0AD7A33C0000FA44DD
:108820000AD7A33B0000704200007A440100000018
:108830000000E040CDCC4C3D82A8FB370000003F5B
:1088400000002041000070410000FA4500007A4419
:108850000AD7A33B0AD7A33C0000FA440AD7A33B9C
:108860000000704200007A44000000007981000896
:108870003D810008E5800008D5810008C014000093
:1088800014AE6341D16A000875690008795B00087D
:10889000B95A0008B95C0008E55A0008695B00088D
:1088A000C55A0008DB0F493B9D8200089B820008E7
:1088B000998200089F820008C014000014AE634132
:1088C00000000000900E493CB00AC93C2CC3163D84
:1088D0002FFB483D742B7B3D05A9963D80B6AF3DEF
:1088E00036BDC83D2EBCE13D73B2FA3D86CF093E90
:1088F0008340163EB6AB223EA2102F3ECF6E3B3ECB
:10890000C2C5473E0115543E135C603E7F9A6C3EE3
:10891000CCCF783EC07D823E938E883E229A8E3E9A
:1089200031A0943E86A09A3EE59AA03E128FA63EC4
:10893000D47CAC3EEF63B23E2A44B83E4A1DBE3EF4
:1089400015EFC33E53B9C93ECA7BCF3E4136D53E33
:1089500080E8DA3E4F92E03E7533E63EBBCBEB3E1D
:10896000EA5AF13ECBE0F63E275DFC3EE4E7003FED
:108970003D9C033F824B063F9BF5083F6B9A0B3FA4
:10898000DA390E3FCDD3103F2A68133FD9F6153F91
:10899000C07F183FC6021B3FD17F1D3FCBF61F3F54
:1089A0009967223F25D2243F5636273F1594293F09
:1089B0004AEB2B3FDE3B2E3FBB85303FC9C8323FE1
:1089C000F304353F233A373F4268393F3B8F3B3F03
:1089D000F9AE3D3F67C73F3F70D8413F00E2433F9C
:1089E00003E4453F65DE473F12D1493FF8BB4B3FAB
:1089F000029F4D3F1F7A4F3F3D4D513F4918533F16
:108A000031DB543FE595563F5348583F6AF2593F92
:108A10001A945B3F532D5D3F05BE5E3F2146603F8C
:108A200098C5613F5A3C633F59AA643F880F663F2F
:108A3000D86B673F3CBF683FA7096A3F0C4B6B3F51
:108A40005E836C3F93B26D3F9ED86E3F73F56F3F70
:108A50000809713F5213723F4714733FDD0B743F97
:108A60000BFA743FC6DE753F07BA763FC58B773F7A
:108A7000F853783F9812793F9DC7793F02737A3F48
:108A8000BE147B3FCDAC7B3F283B7C3FC9BF7C3FC6
:108A9000AC3A7D3FCCAB7D3F24137E3FB0707E3F30
:108AA0006DC47E3F580E7F3F6D4E7F3FAB847F3F4E
:108AB0000FB17F3F98D37F3F43EC7F3F11FB7F3F58
:108AC0000000803F11FB7F3F43EC7F3F98D37F3F07
:108AD0000FB17F3FAB847F3F6D4E7F3F580E7F3F8E
:108AE0006DC47E3FB0707E3F24137E3FCCAB7D3F94
:108AF000AC3A7D3FC9BF7C3F283B7C3FCDAC7B3F40
:108B0000BE147B3F02737A3F9DC7793F9812793F2D
:108B1000F853783FC58B773F07BA763FC6DE753F7F
:108B20000BFA743FDD0B743F4714733F5213723FCF
:108B30000809713F73F56F3F9ED86E3F93B26D3F4A
:108B40005E836C3F0C4B6B3FA7096A3F3CBF683F9D
:108B5000D86B673F880F663F59AA643F5A3C633F12
:108B600098C5613F2146603F05BE5E3F532D5D3F86
:108B70001A945B3F6AF2593F5348583FE595563F78
:108B800031DB543F4918533F3D4D513F1F7A4F3F12
:108B9000029F4D3FF8BB4B3F12D1493F65DE473F37
:108BA00003E4453F00E2433F70D8413F67C73F3F82
:108BB000F9AE3D3F3B8F3B3F4268393F233A373F59
:108BC000F304353FC9C8323FBB85303FDE3B2E3F03
:108BD0004AEB2B3F1594293F5636273F25D2243F99
:108BE0009967223FCBF61F3FD17F1D3FC6021B3F37
:108BF000C07F183FD9F6153F2A68133FCDD3103FE9
:108C0000DA390E3F6B9A0B3F9BF5083F824B063FCC
:108C10003D9C033FE4E7003F275DFC3ECBE0F63E92
:108C2000EA5AF13EBBCBEB3E7533E63E4F92E03E57
:108C300080E8DA3E4136D53ECA7BCF3E53B9C93EC5
:108C400015EFC33E4A1DBE3E2A44B83EEF63B23E16
:108C5000D47CAC3E128FA63EE59AA03E86A09A3EFA
:108C600031A0943E229A8E3E938E883EC07D823EF5
:108C7000CCCF783E7F9A6C3E135C603E0115543E2B
:108C8000C2C5473ECF6E3B3EA2102F3EB6AB223E42
:108C90008340163E86CF093E73B2FA3D2EBCE13DBD
:108CA00036BDC83D80B6AF3D05A9963D742B7B3DD2
:108CB0002FFB483D2CC3163DB00AC93C900E493CE1
:108CC00000000000900E49BCB00AC9BC2CC316BD00
:108CD0002FFB48BD742B7BBD05A996BD80B6AFBDEB
:108CE00036BDC8BD2EBCE1BD73B2FABD86CF09BE8C
:108CF000834016BEB6AB22BEA2102FBECF6E3BBEC7
:108D0000C2C547BE011554BE135C60BE7F9A6CBEDF
:108D1000CCCF78BEC07D82BE938E88BE229A8EBE96
:108D200031A094BE86A09ABEE59AA0BE128FA6BEC0
:108D3000D47CACBEEF63B2BE2A44B8BE4A1DBEBEF0
:108D400015EFC3BE53B9C9BECA7BCFBE4136D5BE2F
:108D500080E8DABE4F92E0BE7533E6BEBBCBEBBE19
:108D6000EA5AF1BECBE0F6BE275DFCBEE4E700BFE9
:108D70003D9C03BF824B06BF9BF508BF6B9A0BBFA0
:108D8000DA390EBFCDD310BF2A6813BFD9F615BF8D
:108D9000C07F18BFC6021BBFD17F1DBFCBF61FBF50
:108DA000996722BF25D224BF563627BF159429BF05
:108DB0004AEB2BBFDE3B2EBFBB8530BFC9C832BFDD
:108DC000F30435BF233A37BF426839BF3B8F3BBFFF
:108DD000F9AE3DBF67C73FBF70D841BF00E243BF98
:108DE00003E445BF65DE47BF12D149BFF8BB4BBFA7
:108DF000029F4DBF1F7A4FBF3D4D51BF491853BF12
:108E000031DB54BFE59556BF534858BF6AF259BF8E
:108E10001A945BBF532D5DBF05BE5EBF214660BF88
:108E200098C561BF5A3C63BF59AA64BF880F66BF2B
:108E3000D86B67BF3CBF68BFA7096ABF0C4B6BBF4D
:108E40005E836CBF93B26DBF9ED86EBF73F56FBF6C
:108E5000080971BF521372BF471473BFDD0B74BF93
:108E60000BFA74BFC6DE75BF07BA76BFC58B77BF76
:108E7000F85378BF981279BF9DC779BF02737ABF44
:108E8000BE147BBFCDAC7BBF283B7CBFC9BF7CBFC2
:108E9000AC3A7DBFCCAB7DBF24137EBFB0707EBF2C
:108EA0006DC47EBF580E7FBF6D4E7FBFAB847FBF4A
:108EB0000FB17FBF98D37FBF43EC7FBF11FB7FBF54
:108EC000000080BF11FB7FBF43EC7FBF98D37FBF03
:108ED0000FB17FBFAB847FBF6D4E7FBF580E7FBF8A
:108EE0006DC47EBFB0707EBF24137EBFCCAB7DBF90
:108EF000AC3A7DBFC9BF7CBF283B7CBFCDAC7BBF3C
:108F0000BE147BBF02737ABF9DC779BF981279BF29
:108F1000F85378BFC58B77BF07BA76BFC6DE75BF7B
:108F20000BFA74BFDD0B74BF471473BF521372BFCB
:108F3000080971BF73F56FBF9ED86EBF93B26DBF46
:108F40005E836CBF0C4B6BBFA7096ABF3CBF68BF99
:108F5000D86B67BF880F66BF59AA64BF5A3C63BF0E
:108F600098C561BF214660BF05BE5EBF532D5DBF82
:108F70001A945BBF6AF259BF534858BFE59556BF74
:108F800031DB54BF491853BF3D4D51BF1F7A4FBF0E
:108F9000029F4DBFF8BB4BBF12D149BF65DE47BF33
:108FA00003E445BF00E243BF70D841BF67C73FBF7E
:108FB000F9AE3DBF3B8F3BBF426839BF233A37BF55
:108FC000F30435BFC9C832BFBB8530BFDE3B2EBFFF
:108FD0004AEB2BBF159429BF563627BF25D224BF95
:108FE000996722BFCBF61FBFD17F1DBFC6021BBF33
:108FF000C07F18BFD9F615BF2A6813BFCDD310BFE5
:10900000DA390EBF6B9A0BBF9BF508BF824B06BFC8
:109010003D9C03BFE4E700BF275DFCBECBE0F6BE8E
:10902000EA5AF1BEBBCBEBBE7533E6BE4F92E0BE53
:1090300080E8DABE4136D5BECA7BCFBE53B9C9BEC1
:1090400015EFC3BE4A1DBEBE2A44B8BEEF63B2BE12
:10905000D47CACBE128FA6BEE59AA0BE86A09ABEF6
:1090600031A094BE229A8EBE938E88BEC07D82BEF1
:10907000CCCF78BE7F9A6CBE135C60BE011554BE27
:10908000C2C547BECF6E3BBEA2102FBEB6AB22BE3E
:10909000834016BE86CF09BE73B2FABD2EBCE1BDB9
:1090A00036BDC8BD80B6AFBD05A996BD742B7BBDCE
:1090B0002FFB48BD2CC316BDB00AC9BC900E49BCDD
:1090C00000000080DDDDDDDDDCBBBBDDDDDDDDDD09
:1090D000DDDDDDDD988888888888888877777777F0
:1090E00077888888855555566666666666666666BC
:1090F0006668888883333332222222222222222267
:109100002228888D464F4320636D643A0D0A2073F0
:1091100020202020202020202020202020207374A8
:10912000617475730D0A2061203C6E3E2020202062
:1091300020202020202073656C656374206178698D
:109140007320286E6F77204D2575290D0A20652024
:109150003C307C313E202020202020202064697378
:1091600061726D2F61726D0D0A2063202020202016
:10917000202020202020202020737461727420631E
:10918000616C6962726174696F6E0D0A20662020DD
:10919000202020202020202020202020636C6561BA
:1091A00072206661756C740D0A206D203C76667CB9
:1091B00069717C76656C7C706F733E2020636F6E86
:1091C00074726F6C206D6F64650D0A2074203C769C
:1091D000616C3E2020202020202020746172676571
:1091E000742028562F412F52504D2F7261642062F7
:1091F00079206D6F6465290D0A207671203C763EDA
:109200002072706D203C763E206F70656E2D6C6F05
:109210006F7020766F6C746167652F73706565641D
:109220000D0A206362203C7261642F733E2020206F
:10923000202063757272656E74206C6F6F7020628F
:10924000616E6477696474680D0A2076702F7669A0
:10925000203C763E20202020202076656C6F6369BC
:109260007479205049206761696E730D0A2070700F
:10927000203C763E202020202020202020706F736C
:109280006974696F6E2050206761696E0D0A206CE9
:10929000696D203C413E2020202020202020736F3B
:1092A00066742063757272656E74206C696D697482
:1092B0000D0A206C6F67203C307C313E202020203E
:1092C000202074656C656D657472792073747265A5
:1092D000616D0D0A000000004D2575202573206D7D
:1092E0006F64653D2573207467743D252E336620B9
:1092F00076656C3D252E316672706D20706F733D02
:10930000252E32667261642069713D252E336641D7
:109310002063616C69623D2575206661756C743DE2
:10932000257525730D0A00004893000800000020F1
:10933000BC000000B851000804940008BC000020E4
:10934000CC0C0000C8510008000000000000000024
:1093500000000000000000001000000001000000FC
:10936000000000000024F400000000009A99993EDB
:109370000000C842000000009A99993E9A99993ECF
:1093800000000000000000000000000000000000DD
:1093900001000000000000000000000000000000CC
:1093A00000000000000000000000000000000000BD
:1093B00000000000000000000000000000000000AD
:1093C000000000000000000000000000000000009D
:1093D000000000000000807F00000000000000008E
:1093E00080000000000000000000000000000000FD
:1093F000000000000000000000000000000000006D
:049400000000000068
:04000005080001D915
:00000001FF
